"URL","TAG","TEXT"
"https://pec.ac.in/faculty-affairs","a","Skip to main content"
"https://pec.ac.in/faculty-affairs","li","Alumni"
"https://pec.ac.in/faculty-affairs","a","Alumni"
"https://pec.ac.in/faculty-affairs","li","Webmail"
"https://pec.ac.in/faculty-affairs","a","Webmail"
"https://pec.ac.in/faculty-affairs","li","Jobs"
"https://pec.ac.in/faculty-affairs","a","Jobs"
"https://pec.ac.in/faculty-affairs","li","Tenders"
"https://pec.ac.in/faculty-affairs","a","Tenders"
"https://pec.ac.in/faculty-affairs","li","Office Orders"
"https://pec.ac.in/faculty-affairs","a","Office Orders"
"https://pec.ac.in/faculty-affairs","li","NIRF"
"https://pec.ac.in/faculty-affairs","a","NIRF"
"https://pec.ac.in/faculty-affairs","li","RTI"
"https://pec.ac.in/faculty-affairs","a","RTI"
"https://pec.ac.in/faculty-affairs","li","Placements"
"https://pec.ac.in/faculty-affairs","a","Placements"
"https://pec.ac.in/faculty-affairs","li","Contact Us"
"https://pec.ac.in/faculty-affairs","a","Contact Us"
"https://pec.ac.in/faculty-affairs","li","Search"
"https://pec.ac.in/faculty-affairs","li","Home"
"https://pec.ac.in/faculty-affairs","a","Home"
"https://pec.ac.in/faculty-affairs","li","Institute History Vision & Mission Campus Location News and Events Tenders & Quotations Balance Sheets Rules, Guidelines & Forms Faculty Affairs IQAC Reports"
"https://pec.ac.in/faculty-affairs","a","Institute"
"https://pec.ac.in/faculty-affairs","li","History"
"https://pec.ac.in/faculty-affairs","a","History"
"https://pec.ac.in/faculty-affairs","li","Vision & Mission"
"https://pec.ac.in/faculty-affairs","a","Vision & Mission"
"https://pec.ac.in/faculty-affairs","li","Campus"
"https://pec.ac.in/faculty-affairs","a","Campus"
"https://pec.ac.in/faculty-affairs","li","Location"
"https://pec.ac.in/faculty-affairs","a","Location"
"https://pec.ac.in/faculty-affairs","li","News and Events"
"https://pec.ac.in/faculty-affairs","a","News and Events"
"https://pec.ac.in/faculty-affairs","li","Tenders & Quotations"
"https://pec.ac.in/faculty-affairs","a","Tenders & Quotations"
"https://pec.ac.in/faculty-affairs","li","Balance Sheets"
"https://pec.ac.in/faculty-affairs","a","Balance Sheets"
"https://pec.ac.in/faculty-affairs","li","Rules, Guidelines & Forms"
"https://pec.ac.in/faculty-affairs","a","Rules, Guidelines & Forms"
"https://pec.ac.in/faculty-affairs","li","Faculty Affairs"
"https://pec.ac.in/faculty-affairs","a","Faculty Affairs"
"https://pec.ac.in/faculty-affairs","li","IQAC Reports"
"https://pec.ac.in/faculty-affairs","a","IQAC Reports"
"https://pec.ac.in/faculty-affairs","li","Administration Board Of Governors Chairman, Board of Governors Director Senate Members Building & Works Committee Finance Committee Grievance Redressal Committee Institute Functionaries Minutes of Meetings"
"https://pec.ac.in/faculty-affairs","a","Administration"
"https://pec.ac.in/faculty-affairs","li","Board Of Governors"
"https://pec.ac.in/faculty-affairs","a","Board Of Governors"
"https://pec.ac.in/faculty-affairs","li","Chairman, Board of Governors"
"https://pec.ac.in/faculty-affairs","a","Chairman, Board of Governors"
"https://pec.ac.in/faculty-affairs","li","Director"
"https://pec.ac.in/faculty-affairs","a","Director"
"https://pec.ac.in/faculty-affairs","li","Senate Members"
"https://pec.ac.in/faculty-affairs","a","Senate Members"
"https://pec.ac.in/faculty-affairs","li","Building & Works Committee"
"https://pec.ac.in/faculty-affairs","a","Building & Works Committee"
"https://pec.ac.in/faculty-affairs","li","Finance Committee"
"https://pec.ac.in/faculty-affairs","a","Finance Committee"
"https://pec.ac.in/faculty-affairs","li","Grievance Redressal Committee"
"https://pec.ac.in/faculty-affairs","a","Grievance Redressal Committee"
"https://pec.ac.in/faculty-affairs","li","Institute Functionaries"
"https://pec.ac.in/faculty-affairs","a","Institute Functionaries"
"https://pec.ac.in/faculty-affairs","li","Minutes of Meetings"
"https://pec.ac.in/faculty-affairs","a","Minutes of Meetings"
"https://pec.ac.in/faculty-affairs","li","Programmes Undergraduate Postgraduate Doctorate Academic Support for Students Accreditation Scholarships IQAC Reports E-Academic Portal"
"https://pec.ac.in/faculty-affairs","a","Programmes"
"https://pec.ac.in/faculty-affairs","li","Undergraduate"
"https://pec.ac.in/faculty-affairs","a","Undergraduate"
"https://pec.ac.in/faculty-affairs","li","Postgraduate"
"https://pec.ac.in/faculty-affairs","a","Postgraduate"
"https://pec.ac.in/faculty-affairs","li","Doctorate"
"https://pec.ac.in/faculty-affairs","a","Doctorate"
"https://pec.ac.in/faculty-affairs","li","Academic Support for Students"
"https://pec.ac.in/faculty-affairs","a","Academic Support for Students"
"https://pec.ac.in/faculty-affairs","li","Accreditation"
"https://pec.ac.in/faculty-affairs","a","Accreditation"
"https://pec.ac.in/faculty-affairs","li","Scholarships"
"https://pec.ac.in/faculty-affairs","a","Scholarships"
"https://pec.ac.in/faculty-affairs","li","IQAC Reports"
"https://pec.ac.in/faculty-affairs","a","IQAC Reports"
"https://pec.ac.in/faculty-affairs","li","E-Academic Portal"
"https://pec.ac.in/faculty-affairs","a","E-Academic Portal"
"https://pec.ac.in/faculty-affairs","li","Admissions"
"https://pec.ac.in/faculty-affairs","a","Admissions"
"https://pec.ac.in/faculty-affairs","li","Academic Units Departments Centres"
"https://pec.ac.in/faculty-affairs","a","Academic Units"
"https://pec.ac.in/faculty-affairs","li","Departments"
"https://pec.ac.in/faculty-affairs","a","Departments"
"https://pec.ac.in/faculty-affairs","li","Centres"
"https://pec.ac.in/faculty-affairs","a","Centres"
"https://pec.ac.in/faculty-affairs","li","Research Overview Research Groups Sponsored Research In-House Projects Consultancy Courses and Conferences Young Research Fellows Programme Norms and Forms Contacts"
"https://pec.ac.in/faculty-affairs","a","Research"
"https://pec.ac.in/faculty-affairs","li","Overview"
"https://pec.ac.in/faculty-affairs","a","Overview"
"https://pec.ac.in/faculty-affairs","li","Research Groups"
"https://pec.ac.in/faculty-affairs","a","Research Groups"
"https://pec.ac.in/faculty-affairs","li","Sponsored Research"
"https://pec.ac.in/faculty-affairs","a","Sponsored Research"
"https://pec.ac.in/faculty-affairs","li","In-House Projects"
"https://pec.ac.in/faculty-affairs","a","In-House Projects"
"https://pec.ac.in/faculty-affairs","li","Consultancy"
"https://pec.ac.in/faculty-affairs","a","Consultancy"
"https://pec.ac.in/faculty-affairs","li","Courses and Conferences"
"https://pec.ac.in/faculty-affairs","a","Courses and Conferences"
"https://pec.ac.in/faculty-affairs","li","Young Research Fellows Programme"
"https://pec.ac.in/faculty-affairs","a","Young Research Fellows Programme"
"https://pec.ac.in/faculty-affairs","li","Norms and Forms"
"https://pec.ac.in/faculty-affairs","a","Norms and Forms"
"https://pec.ac.in/faculty-affairs","li","Contacts"
"https://pec.ac.in/faculty-affairs","a","Contacts"
"https://pec.ac.in/faculty-affairs","li","Campus Life Students Facilities Online Fee Payment"
"https://pec.ac.in/faculty-affairs","a","Campus Life"
"https://pec.ac.in/faculty-affairs","li","Students"
"https://pec.ac.in/faculty-affairs","a","Students"
"https://pec.ac.in/faculty-affairs","li","Facilities"
"https://pec.ac.in/faculty-affairs","a","Facilities"
"https://pec.ac.in/faculty-affairs","li","Online Fee Payment"
"https://pec.ac.in/faculty-affairs","a","Online Fee Payment"
"https://pec.ac.in/faculty-affairs","a","-A"
"https://pec.ac.in/faculty-affairs","a","A"
"https://pec.ac.in/faculty-affairs","a","+A"
"https://pec.ac.in/faculty-affairs","h3","Institute"
"https://pec.ac.in/faculty-affairs","li","Institute"
"https://pec.ac.in/faculty-affairs","a","Institute"
"https://pec.ac.in/faculty-affairs","li","History"
"https://pec.ac.in/faculty-affairs","a","History"
"https://pec.ac.in/faculty-affairs","li","Vision & Mission"
"https://pec.ac.in/faculty-affairs","a","Vision & Mission"
"https://pec.ac.in/faculty-affairs","li","Campus"
"https://pec.ac.in/faculty-affairs","a","Campus"
"https://pec.ac.in/faculty-affairs","li","Location"
"https://pec.ac.in/faculty-affairs","a","Location"
"https://pec.ac.in/faculty-affairs","li","Top Stories"
"https://pec.ac.in/faculty-affairs","a","Top Stories"
"https://pec.ac.in/faculty-affairs","li","PEC Anthem"
"https://pec.ac.in/faculty-affairs","a","PEC Anthem"
"https://pec.ac.in/faculty-affairs","li","News & Events"
"https://pec.ac.in/faculty-affairs","a","News & Events"
"https://pec.ac.in/faculty-affairs","li","Rules, Guidelines & Forms"
"https://pec.ac.in/faculty-affairs","a","Rules, Guidelines & Forms"
"https://pec.ac.in/faculty-affairs","li","Office Orders"
"https://pec.ac.in/faculty-affairs","a","Office Orders"
"https://pec.ac.in/faculty-affairs","li","Tenders and Quotations"
"https://pec.ac.in/faculty-affairs","a","Tenders and Quotations"
"https://pec.ac.in/faculty-affairs","li","Job Openings"
"https://pec.ac.in/faculty-affairs","a","Job Openings"
"https://pec.ac.in/faculty-affairs","p","Quick Links"
"https://pec.ac.in/faculty-affairs","a","Quick Links"
"https://pec.ac.in/faculty-affairs","li","Alumni"
"https://pec.ac.in/faculty-affairs","a","Alumni"
"https://pec.ac.in/faculty-affairs","li","Central Library"
"https://pec.ac.in/faculty-affairs","a","Central Library"
"https://pec.ac.in/faculty-affairs","li","TEQIP III"
"https://pec.ac.in/faculty-affairs","a","TEQIP III"
"https://pec.ac.in/faculty-affairs","li","Admissions"
"https://pec.ac.in/faculty-affairs","a","Admissions"
"https://pec.ac.in/faculty-affairs","li","Placement"
"https://pec.ac.in/faculty-affairs","a","Placement"
"https://pec.ac.in/faculty-affairs","li","Tenders"
"https://pec.ac.in/faculty-affairs","a","Tenders"
"https://pec.ac.in/faculty-affairs","a","Close modal"
"https://pec.ac.in/faculty-affairs","li","Electrical Engineering"
"https://pec.ac.in/faculty-affairs","a","Electrical Engineering"
"https://pec.ac.in/faculty-affairs","li","Electronics and Communication Engineering"
"https://pec.ac.in/faculty-affairs","a","Electronics and Communication Engineering"
"https://pec.ac.in/faculty-affairs","li","Production and Industrial Engineering"
"https://pec.ac.in/faculty-affairs","a","Production and Industrial Engineering"
"https://pec.ac.in/faculty-affairs","li","Guidelines for Engaging Faculty in PEC"
"https://pec.ac.in/faculty-affairs","a","Guidelines for Engaging Faculty in PEC"
"https://pec.ac.in/faculty-affairs","li","Qualifications for Humanities and Management & TQM"
"https://pec.ac.in/faculty-affairs","a","Qualifications for Humanities and Management & TQM"
"https://pec.ac.in/faculty-affairs","li","Provision of Emeritus/Visiting/Chair Professor"
"https://pec.ac.in/faculty-affairs","a","Provision of Emeritus/Visiting/Chair Professor"
"https://pec.ac.in/faculty-affairs","li","Engagement of Adjunct Faculty at PEC"
"https://pec.ac.in/faculty-affairs","a","Engagement of Adjunct Faculty at PEC"
"https://pec.ac.in/faculty-affairs","li","Selection Process for Direct Recruitment"
"https://pec.ac.in/faculty-affairs","a","Selection Process for Direct Recruitment"
"https://pec.ac.in/faculty-affairs","li","UGC 2010"
"https://pec.ac.in/faculty-affairs","a","UGC 2010"
"https://pec.ac.in/faculty-affairs","li","UGC 2013"
"https://pec.ac.in/faculty-affairs","a","UGC 2013"
"https://pec.ac.in/faculty-affairs","li","UGC 2016"
"https://pec.ac.in/faculty-affairs","a","UGC 2016"
"https://pec.ac.in/faculty-affairs","li","Selection Process"
"https://pec.ac.in/faculty-affairs","a","Selection Process"
"https://pec.ac.in/faculty-affairs","li","PBAS"
"https://pec.ac.in/faculty-affairs","a","PBAS"
"https://pec.ac.in/faculty-affairs","li","Guidelines for Re-employment of Supperannuated Teachers"
"https://pec.ac.in/faculty-affairs","a","Guidelines for Re-employment of Supperannuated Teachers"
"https://pec.ac.in/faculty-affairs","li","PDA Guidelines"
"https://pec.ac.in/faculty-affairs","a","PDA Guidelines"
"https://pec.ac.in/faculty-affairs","li","PDA Form"
"https://pec.ac.in/faculty-affairs","a","PDA Form"
"https://pec.ac.in/faculty-affairs","li","PDF"
"https://pec.ac.in/faculty-affairs","a","PDF"
"https://pec.ac.in/faculty-affairs","li","Special Casual Leave"
"https://pec.ac.in/faculty-affairs","a","Special Casual Leave"
"https://pec.ac.in/faculty-affairs","li","Study Leave"
"https://pec.ac.in/faculty-affairs","a","Study Leave"
"https://pec.ac.in/faculty-affairs","li","Child Care Leave"
"https://pec.ac.in/faculty-affairs","a","Child Care Leave"
"https://pec.ac.in/faculty-affairs","li","Sabbatical Leave Rules"
"https://pec.ac.in/faculty-affairs","a","Sabbatical Leave Rules"
"https://pec.ac.in/faculty-affairs","li","Administrative Duties"
"https://pec.ac.in/faculty-affairs","a","Administrative Duties"
"https://pec.ac.in/faculty-affairs","li","Faculty/Alumni/Staff Awards"
"https://pec.ac.in/faculty-affairs","a","Faculty/Alumni/Staff Awards"
"https://pec.ac.in/faculty-affairs","li","Allowance to Functionaries"
"https://pec.ac.in/faculty-affairs","a","Allowance to Functionaries"
"https://pec.ac.in/faculty-affairs","li","Application for LTC"
"https://pec.ac.in/faculty-affairs","a","Application for LTC"
"https://pec.ac.in/faculty-affairs","li","Criteria for Ex-India Leave"
"https://pec.ac.in/faculty-affairs","a","Criteria for Ex-India Leave"
"https://pec.ac.in/faculty-affairs","li","LTC along with Leave Encashment"
"https://pec.ac.in/faculty-affairs","a","LTC along with Leave Encashment"
"https://pec.ac.in/faculty-affairs","li","Retirement Age"
"https://pec.ac.in/faculty-affairs","a","Retirement Age"
"https://pec.ac.in/faculty-affairs","li","Undertaking for Ex-India Leave"
"https://pec.ac.in/faculty-affairs","a","Undertaking for Ex-India Leave"
"https://pec.ac.in/faculty-affairs","h3","Research"
"https://pec.ac.in/faculty-affairs","li","Overview"
"https://pec.ac.in/faculty-affairs","a","Overview"
"https://pec.ac.in/faculty-affairs","li","Research Groups"
"https://pec.ac.in/faculty-affairs","a","Research Groups"
"https://pec.ac.in/faculty-affairs","li","Sponsored Research"
"https://pec.ac.in/faculty-affairs","a","Sponsored Research"
"https://pec.ac.in/faculty-affairs","li","Consultancy"
"https://pec.ac.in/faculty-affairs","a","Consultancy"
"https://pec.ac.in/faculty-affairs","li","Collaborations"
"https://pec.ac.in/faculty-affairs","a","Collaborations"
"https://pec.ac.in/faculty-affairs","li","In-House Projects"
"https://pec.ac.in/faculty-affairs","a","In-House Projects"
"https://pec.ac.in/faculty-affairs","h3","Academics"
"https://pec.ac.in/faculty-affairs","li","Time Tables"
"https://pec.ac.in/faculty-affairs","a","Time Tables"
"https://pec.ac.in/faculty-affairs","li","Examination"
"https://pec.ac.in/faculty-affairs","a","Examination"
"https://pec.ac.in/faculty-affairs","li","Academic Calendar"
"https://pec.ac.in/faculty-affairs","a","Academic Calendar"
"https://pec.ac.in/faculty-affairs","li","Undergraduate Programme"
"https://pec.ac.in/faculty-affairs","a","Undergraduate Programme"
"https://pec.ac.in/faculty-affairs","li","Postgraduate Programme"
"https://pec.ac.in/faculty-affairs","a","Postgraduate Programme"
"https://pec.ac.in/faculty-affairs","li","PhD Programme"
"https://pec.ac.in/faculty-affairs","a","PhD Programme"
"https://pec.ac.in/faculty-affairs","h3","Facilities"
"https://pec.ac.in/faculty-affairs","li","Library"
"https://pec.ac.in/faculty-affairs","a","Library"
"https://pec.ac.in/faculty-affairs","li","Computer Centre"
"https://pec.ac.in/faculty-affairs","a","Computer Centre"
"https://pec.ac.in/faculty-affairs","li","Sports"
"https://pec.ac.in/faculty-affairs","a","Sports"
"https://pec.ac.in/faculty-affairs","li","Hostels"
"https://pec.ac.in/faculty-affairs","a","Hostels"
"https://pec.ac.in/faculty-affairs","li","Medical Facility"
"https://pec.ac.in/faculty-affairs","a","Medical Facility"
"https://pec.ac.in/faculty-affairs","li","Workshops"
"https://pec.ac.in/faculty-affairs","a","Workshops"
"https://pec.ac.in/faculty-affairs","h3","Information"
"https://pec.ac.in/faculty-affairs","li","E-Notices"
"https://pec.ac.in/faculty-affairs","a","E-Notices"
"https://pec.ac.in/faculty-affairs","li","Multimedia"
"https://pec.ac.in/faculty-affairs","a","Multimedia"
"https://pec.ac.in/faculty-affairs","li","Brochure & Prospectus"
"https://pec.ac.in/faculty-affairs","a","Brochure & Prospectus"
"https://pec.ac.in/faculty-affairs","li","CRIKC"
"https://pec.ac.in/faculty-affairs","a","CRIKC"
"https://pec.ac.in/faculty-affairs","li","Sexual Harassment Complaints"
"https://pec.ac.in/faculty-affairs","a","Sexual Harassment Complaints"
"https://pec.ac.in/faculty-affairs","li","Website Credits"
"https://pec.ac.in/faculty-affairs","a","Website Credits"
"https://pec.ac.in/faculty-affairs","p","Copyright © 2020 Punjab Engineering College (Deemed to be University), Sector 12, Chandigarh, 160012"
"https://pec.ac.in/faculty-affairs","li","Web Editor"
"https://pec.ac.in/faculty-affairs","a","Web Editor"
"https://pec.ac.in/faculty-affairs","li","Anti-Ragging"
"https://pec.ac.in/faculty-affairs","a","Anti-Ragging"
"https://pec.ac.in/faculty-affairs","li","Privacy Statement"
"https://pec.ac.in/faculty-affairs","a","Privacy Statement"
"https://pec.ac.in/faculty-affairs","li","Report Copyright Infringement"
"https://pec.ac.in/faculty-affairs","a","Report Copyright Infringement"
"https://pec.ac.in/faculty-affairs#main-content","a","Skip to main content"
"https://pec.ac.in/faculty-affairs#main-content","li","Alumni"
"https://pec.ac.in/faculty-affairs#main-content","a","Alumni"
"https://pec.ac.in/faculty-affairs#main-content","li","Webmail"
"https://pec.ac.in/faculty-affairs#main-content","a","Webmail"
"https://pec.ac.in/faculty-affairs#main-content","li","Jobs"
"https://pec.ac.in/faculty-affairs#main-content","a","Jobs"
"https://pec.ac.in/faculty-affairs#main-content","li","Tenders"
"https://pec.ac.in/faculty-affairs#main-content","a","Tenders"
"https://pec.ac.in/faculty-affairs#main-content","li","Office Orders"
"https://pec.ac.in/faculty-affairs#main-content","a","Office Orders"
"https://pec.ac.in/faculty-affairs#main-content","li","NIRF"
"https://pec.ac.in/faculty-affairs#main-content","a","NIRF"
"https://pec.ac.in/faculty-affairs#main-content","li","RTI"
"https://pec.ac.in/faculty-affairs#main-content","a","RTI"
"https://pec.ac.in/faculty-affairs#main-content","li","Placements"
"https://pec.ac.in/faculty-affairs#main-content","a","Placements"
"https://pec.ac.in/faculty-affairs#main-content","li","Contact Us"
"https://pec.ac.in/faculty-affairs#main-content","a","Contact Us"
"https://pec.ac.in/faculty-affairs#main-content","li","Search"
"https://pec.ac.in/faculty-affairs#main-content","li","Home"
"https://pec.ac.in/faculty-affairs#main-content","a","Home"
"https://pec.ac.in/faculty-affairs#main-content","li","Institute History Vision & Mission Campus Location News and Events Tenders & Quotations Balance Sheets Rules, Guidelines & Forms Faculty Affairs IQAC Reports"
"https://pec.ac.in/faculty-affairs#main-content","a","Institute"
"https://pec.ac.in/faculty-affairs#main-content","li","History"
"https://pec.ac.in/faculty-affairs#main-content","a","History"
"https://pec.ac.in/faculty-affairs#main-content","li","Vision & Mission"
"https://pec.ac.in/faculty-affairs#main-content","a","Vision & Mission"
"https://pec.ac.in/faculty-affairs#main-content","li","Campus"
"https://pec.ac.in/faculty-affairs#main-content","a","Campus"
"https://pec.ac.in/faculty-affairs#main-content","li","Location"
"https://pec.ac.in/faculty-affairs#main-content","a","Location"
"https://pec.ac.in/faculty-affairs#main-content","li","News and Events"
"https://pec.ac.in/faculty-affairs#main-content","a","News and Events"
"https://pec.ac.in/faculty-affairs#main-content","li","Tenders & Quotations"
"https://pec.ac.in/faculty-affairs#main-content","a","Tenders & Quotations"
"https://pec.ac.in/faculty-affairs#main-content","li","Balance Sheets"
"https://pec.ac.in/faculty-affairs#main-content","a","Balance Sheets"
"https://pec.ac.in/faculty-affairs#main-content","li","Rules, Guidelines & Forms"
"https://pec.ac.in/faculty-affairs#main-content","a","Rules, Guidelines & Forms"
"https://pec.ac.in/faculty-affairs#main-content","li","Faculty Affairs"
"https://pec.ac.in/faculty-affairs#main-content","a","Faculty Affairs"
"https://pec.ac.in/faculty-affairs#main-content","li","IQAC Reports"
"https://pec.ac.in/faculty-affairs#main-content","a","IQAC Reports"
"https://pec.ac.in/faculty-affairs#main-content","li","Administration Board Of Governors Chairman, Board of Governors Director Senate Members Building & Works Committee Finance Committee Grievance Redressal Committee Institute Functionaries Minutes of Meetings"
"https://pec.ac.in/faculty-affairs#main-content","a","Administration"
"https://pec.ac.in/faculty-affairs#main-content","li","Board Of Governors"
"https://pec.ac.in/faculty-affairs#main-content","a","Board Of Governors"
"https://pec.ac.in/faculty-affairs#main-content","li","Chairman, Board of Governors"
"https://pec.ac.in/faculty-affairs#main-content","a","Chairman, Board of Governors"
"https://pec.ac.in/faculty-affairs#main-content","li","Director"
"https://pec.ac.in/faculty-affairs#main-content","a","Director"
"https://pec.ac.in/faculty-affairs#main-content","li","Senate Members"
"https://pec.ac.in/faculty-affairs#main-content","a","Senate Members"
"https://pec.ac.in/faculty-affairs#main-content","li","Building & Works Committee"
"https://pec.ac.in/faculty-affairs#main-content","a","Building & Works Committee"
"https://pec.ac.in/faculty-affairs#main-content","li","Finance Committee"
"https://pec.ac.in/faculty-affairs#main-content","a","Finance Committee"
"https://pec.ac.in/faculty-affairs#main-content","li","Grievance Redressal Committee"
"https://pec.ac.in/faculty-affairs#main-content","a","Grievance Redressal Committee"
"https://pec.ac.in/faculty-affairs#main-content","li","Institute Functionaries"
"https://pec.ac.in/faculty-affairs#main-content","a","Institute Functionaries"
"https://pec.ac.in/faculty-affairs#main-content","li","Minutes of Meetings"
"https://pec.ac.in/faculty-affairs#main-content","a","Minutes of Meetings"
"https://pec.ac.in/faculty-affairs#main-content","li","Programmes Undergraduate Postgraduate Doctorate Academic Support for Students Accreditation Scholarships IQAC Reports E-Academic Portal"
"https://pec.ac.in/faculty-affairs#main-content","a","Programmes"
"https://pec.ac.in/faculty-affairs#main-content","li","Undergraduate"
"https://pec.ac.in/faculty-affairs#main-content","a","Undergraduate"
"https://pec.ac.in/faculty-affairs#main-content","li","Postgraduate"
"https://pec.ac.in/faculty-affairs#main-content","a","Postgraduate"
"https://pec.ac.in/faculty-affairs#main-content","li","Doctorate"
"https://pec.ac.in/faculty-affairs#main-content","a","Doctorate"
"https://pec.ac.in/faculty-affairs#main-content","li","Academic Support for Students"
"https://pec.ac.in/faculty-affairs#main-content","a","Academic Support for Students"
"https://pec.ac.in/faculty-affairs#main-content","li","Accreditation"
"https://pec.ac.in/faculty-affairs#main-content","a","Accreditation"
"https://pec.ac.in/faculty-affairs#main-content","li","Scholarships"
"https://pec.ac.in/faculty-affairs#main-content","a","Scholarships"
"https://pec.ac.in/faculty-affairs#main-content","li","IQAC Reports"
"https://pec.ac.in/faculty-affairs#main-content","a","IQAC Reports"
"https://pec.ac.in/faculty-affairs#main-content","li","E-Academic Portal"
"https://pec.ac.in/faculty-affairs#main-content","a","E-Academic Portal"
"https://pec.ac.in/faculty-affairs#main-content","li","Admissions"
"https://pec.ac.in/faculty-affairs#main-content","a","Admissions"
"https://pec.ac.in/faculty-affairs#main-content","li","Academic Units Departments Centres"
"https://pec.ac.in/faculty-affairs#main-content","a","Academic Units"
"https://pec.ac.in/faculty-affairs#main-content","li","Departments"
"https://pec.ac.in/faculty-affairs#main-content","a","Departments"
"https://pec.ac.in/faculty-affairs#main-content","li","Centres"
"https://pec.ac.in/faculty-affairs#main-content","a","Centres"
"https://pec.ac.in/faculty-affairs#main-content","li","Research Overview Research Groups Sponsored Research In-House Projects Consultancy Courses and Conferences Young Research Fellows Programme Norms and Forms Contacts"
"https://pec.ac.in/faculty-affairs#main-content","a","Research"
"https://pec.ac.in/faculty-affairs#main-content","li","Overview"
"https://pec.ac.in/faculty-affairs#main-content","a","Overview"
"https://pec.ac.in/faculty-affairs#main-content","li","Research Groups"
"https://pec.ac.in/faculty-affairs#main-content","a","Research Groups"
"https://pec.ac.in/faculty-affairs#main-content","li","Sponsored Research"
"https://pec.ac.in/faculty-affairs#main-content","a","Sponsored Research"
"https://pec.ac.in/faculty-affairs#main-content","li","In-House Projects"
"https://pec.ac.in/faculty-affairs#main-content","a","In-House Projects"
"https://pec.ac.in/faculty-affairs#main-content","li","Consultancy"
"https://pec.ac.in/faculty-affairs#main-content","a","Consultancy"
"https://pec.ac.in/faculty-affairs#main-content","li","Courses and Conferences"
"https://pec.ac.in/faculty-affairs#main-content","a","Courses and Conferences"
"https://pec.ac.in/faculty-affairs#main-content","li","Young Research Fellows Programme"
"https://pec.ac.in/faculty-affairs#main-content","a","Young Research Fellows Programme"
"https://pec.ac.in/faculty-affairs#main-content","li","Norms and Forms"
"https://pec.ac.in/faculty-affairs#main-content","a","Norms and Forms"
"https://pec.ac.in/faculty-affairs#main-content","li","Contacts"
"https://pec.ac.in/faculty-affairs#main-content","a","Contacts"
"https://pec.ac.in/faculty-affairs#main-content","li","Campus Life Students Facilities Online Fee Payment"
"https://pec.ac.in/faculty-affairs#main-content","a","Campus Life"
"https://pec.ac.in/faculty-affairs#main-content","li","Students"
"https://pec.ac.in/faculty-affairs#main-content","a","Students"
"https://pec.ac.in/faculty-affairs#main-content","li","Facilities"
"https://pec.ac.in/faculty-affairs#main-content","a","Facilities"
"https://pec.ac.in/faculty-affairs#main-content","li","Online Fee Payment"
"https://pec.ac.in/faculty-affairs#main-content","a","Online Fee Payment"
"https://pec.ac.in/faculty-affairs#main-content","a","-A"
"https://pec.ac.in/faculty-affairs#main-content","a","A"
"https://pec.ac.in/faculty-affairs#main-content","a","+A"
"https://pec.ac.in/faculty-affairs#main-content","h3","Institute"
"https://pec.ac.in/faculty-affairs#main-content","li","Institute"
"https://pec.ac.in/faculty-affairs#main-content","a","Institute"
"https://pec.ac.in/faculty-affairs#main-content","li","History"
"https://pec.ac.in/faculty-affairs#main-content","a","History"
"https://pec.ac.in/faculty-affairs#main-content","li","Vision & Mission"
"https://pec.ac.in/faculty-affairs#main-content","a","Vision & Mission"
"https://pec.ac.in/faculty-affairs#main-content","li","Campus"
"https://pec.ac.in/faculty-affairs#main-content","a","Campus"
"https://pec.ac.in/faculty-affairs#main-content","li","Location"
"https://pec.ac.in/faculty-affairs#main-content","a","Location"
"https://pec.ac.in/faculty-affairs#main-content","li","Top Stories"
"https://pec.ac.in/faculty-affairs#main-content","a","Top Stories"
"https://pec.ac.in/faculty-affairs#main-content","li","PEC Anthem"
"https://pec.ac.in/faculty-affairs#main-content","a","PEC Anthem"
"https://pec.ac.in/faculty-affairs#main-content","li","News & Events"
"https://pec.ac.in/faculty-affairs#main-content","a","News & Events"
"https://pec.ac.in/faculty-affairs#main-content","li","Rules, Guidelines & Forms"
"https://pec.ac.in/faculty-affairs#main-content","a","Rules, Guidelines & Forms"
"https://pec.ac.in/faculty-affairs#main-content","li","Office Orders"
"https://pec.ac.in/faculty-affairs#main-content","a","Office Orders"
"https://pec.ac.in/faculty-affairs#main-content","li","Tenders and Quotations"
"https://pec.ac.in/faculty-affairs#main-content","a","Tenders and Quotations"
"https://pec.ac.in/faculty-affairs#main-content","li","Job Openings"
"https://pec.ac.in/faculty-affairs#main-content","a","Job Openings"
"https://pec.ac.in/faculty-affairs#main-content","p","Quick Links"
"https://pec.ac.in/faculty-affairs#main-content","a","Quick Links"
"https://pec.ac.in/faculty-affairs#main-content","li","Alumni"
"https://pec.ac.in/faculty-affairs#main-content","a","Alumni"
"https://pec.ac.in/faculty-affairs#main-content","li","Central Library"
"https://pec.ac.in/faculty-affairs#main-content","a","Central Library"
"https://pec.ac.in/faculty-affairs#main-content","li","TEQIP III"
"https://pec.ac.in/faculty-affairs#main-content","a","TEQIP III"
"https://pec.ac.in/faculty-affairs#main-content","li","Admissions"
"https://pec.ac.in/faculty-affairs#main-content","a","Admissions"
"https://pec.ac.in/faculty-affairs#main-content","li","Placement"
"https://pec.ac.in/faculty-affairs#main-content","a","Placement"
"https://pec.ac.in/faculty-affairs#main-content","li","Tenders"
"https://pec.ac.in/faculty-affairs#main-content","a","Tenders"
"https://pec.ac.in/faculty-affairs#main-content","a","Close modal"
"https://pec.ac.in/faculty-affairs#main-content","li","Electrical Engineering"
"https://pec.ac.in/faculty-affairs#main-content","a","Electrical Engineering"
"https://pec.ac.in/faculty-affairs#main-content","li","Electronics and Communication Engineering"
"https://pec.ac.in/faculty-affairs#main-content","a","Electronics and Communication Engineering"
"https://pec.ac.in/faculty-affairs#main-content","li","Production and Industrial Engineering"
"https://pec.ac.in/faculty-affairs#main-content","a","Production and Industrial Engineering"
"https://pec.ac.in/faculty-affairs#main-content","li","Guidelines for Engaging Faculty in PEC"
"https://pec.ac.in/faculty-affairs#main-content","a","Guidelines for Engaging Faculty in PEC"
"https://pec.ac.in/faculty-affairs#main-content","li","Qualifications for Humanities and Management & TQM"
"https://pec.ac.in/faculty-affairs#main-content","a","Qualifications for Humanities and Management & TQM"
"https://pec.ac.in/faculty-affairs#main-content","li","Provision of Emeritus/Visiting/Chair Professor"
"https://pec.ac.in/faculty-affairs#main-content","a","Provision of Emeritus/Visiting/Chair Professor"
"https://pec.ac.in/faculty-affairs#main-content","li","Engagement of Adjunct Faculty at PEC"
"https://pec.ac.in/faculty-affairs#main-content","a","Engagement of Adjunct Faculty at PEC"
"https://pec.ac.in/faculty-affairs#main-content","li","Selection Process for Direct Recruitment"
"https://pec.ac.in/faculty-affairs#main-content","a","Selection Process for Direct Recruitment"
"https://pec.ac.in/faculty-affairs#main-content","li","UGC 2010"
"https://pec.ac.in/faculty-affairs#main-content","a","UGC 2010"
"https://pec.ac.in/faculty-affairs#main-content","li","UGC 2013"
"https://pec.ac.in/faculty-affairs#main-content","a","UGC 2013"
"https://pec.ac.in/faculty-affairs#main-content","li","UGC 2016"
"https://pec.ac.in/faculty-affairs#main-content","a","UGC 2016"
"https://pec.ac.in/faculty-affairs#main-content","li","Selection Process"
"https://pec.ac.in/faculty-affairs#main-content","a","Selection Process"
"https://pec.ac.in/faculty-affairs#main-content","li","PBAS"
"https://pec.ac.in/faculty-affairs#main-content","a","PBAS"
"https://pec.ac.in/faculty-affairs#main-content","li","Guidelines for Re-employment of Supperannuated Teachers"
"https://pec.ac.in/faculty-affairs#main-content","a","Guidelines for Re-employment of Supperannuated Teachers"
"https://pec.ac.in/faculty-affairs#main-content","li","PDA Guidelines"
"https://pec.ac.in/faculty-affairs#main-content","a","PDA Guidelines"
"https://pec.ac.in/faculty-affairs#main-content","li","PDA Form"
"https://pec.ac.in/faculty-affairs#main-content","a","PDA Form"
"https://pec.ac.in/faculty-affairs#main-content","li","PDF"
"https://pec.ac.in/faculty-affairs#main-content","a","PDF"
"https://pec.ac.in/faculty-affairs#main-content","li","Special Casual Leave"
"https://pec.ac.in/faculty-affairs#main-content","a","Special Casual Leave"
"https://pec.ac.in/faculty-affairs#main-content","li","Study Leave"
"https://pec.ac.in/faculty-affairs#main-content","a","Study Leave"
"https://pec.ac.in/faculty-affairs#main-content","li","Child Care Leave"
"https://pec.ac.in/faculty-affairs#main-content","a","Child Care Leave"
"https://pec.ac.in/faculty-affairs#main-content","li","Sabbatical Leave Rules"
"https://pec.ac.in/faculty-affairs#main-content","a","Sabbatical Leave Rules"
"https://pec.ac.in/faculty-affairs#main-content","li","Administrative Duties"
"https://pec.ac.in/faculty-affairs#main-content","a","Administrative Duties"
"https://pec.ac.in/faculty-affairs#main-content","li","Faculty/Alumni/Staff Awards"
"https://pec.ac.in/faculty-affairs#main-content","a","Faculty/Alumni/Staff Awards"
"https://pec.ac.in/faculty-affairs#main-content","li","Allowance to Functionaries"
"https://pec.ac.in/faculty-affairs#main-content","a","Allowance to Functionaries"
"https://pec.ac.in/faculty-affairs#main-content","li","Application for LTC"
"https://pec.ac.in/faculty-affairs#main-content","a","Application for LTC"
"https://pec.ac.in/faculty-affairs#main-content","li","Criteria for Ex-India Leave"
"https://pec.ac.in/faculty-affairs#main-content","a","Criteria for Ex-India Leave"
"https://pec.ac.in/faculty-affairs#main-content","li","LTC along with Leave Encashment"
"https://pec.ac.in/faculty-affairs#main-content","a","LTC along with Leave Encashment"
"https://pec.ac.in/faculty-affairs#main-content","li","Retirement Age"
"https://pec.ac.in/faculty-affairs#main-content","a","Retirement Age"
"https://pec.ac.in/faculty-affairs#main-content","li","Undertaking for Ex-India Leave"
"https://pec.ac.in/faculty-affairs#main-content","a","Undertaking for Ex-India Leave"
"https://pec.ac.in/faculty-affairs#main-content","h3","Research"
"https://pec.ac.in/faculty-affairs#main-content","li","Overview"
"https://pec.ac.in/faculty-affairs#main-content","a","Overview"
"https://pec.ac.in/faculty-affairs#main-content","li","Research Groups"
"https://pec.ac.in/faculty-affairs#main-content","a","Research Groups"
"https://pec.ac.in/faculty-affairs#main-content","li","Sponsored Research"
"https://pec.ac.in/faculty-affairs#main-content","a","Sponsored Research"
"https://pec.ac.in/faculty-affairs#main-content","li","Consultancy"
"https://pec.ac.in/faculty-affairs#main-content","a","Consultancy"
"https://pec.ac.in/faculty-affairs#main-content","li","Collaborations"
"https://pec.ac.in/faculty-affairs#main-content","a","Collaborations"
"https://pec.ac.in/faculty-affairs#main-content","li","In-House Projects"
"https://pec.ac.in/faculty-affairs#main-content","a","In-House Projects"
"https://pec.ac.in/faculty-affairs#main-content","h3","Academics"
"https://pec.ac.in/faculty-affairs#main-content","li","Time Tables"
"https://pec.ac.in/faculty-affairs#main-content","a","Time Tables"
"https://pec.ac.in/faculty-affairs#main-content","li","Examination"
"https://pec.ac.in/faculty-affairs#main-content","a","Examination"
"https://pec.ac.in/faculty-affairs#main-content","li","Academic Calendar"
"https://pec.ac.in/faculty-affairs#main-content","a","Academic Calendar"
"https://pec.ac.in/faculty-affairs#main-content","li","Undergraduate Programme"
"https://pec.ac.in/faculty-affairs#main-content","a","Undergraduate Programme"
"https://pec.ac.in/faculty-affairs#main-content","li","Postgraduate Programme"
"https://pec.ac.in/faculty-affairs#main-content","a","Postgraduate Programme"
"https://pec.ac.in/faculty-affairs#main-content","li","PhD Programme"
"https://pec.ac.in/faculty-affairs#main-content","a","PhD Programme"
"https://pec.ac.in/faculty-affairs#main-content","h3","Facilities"
"https://pec.ac.in/faculty-affairs#main-content","li","Library"
"https://pec.ac.in/faculty-affairs#main-content","a","Library"
"https://pec.ac.in/faculty-affairs#main-content","li","Computer Centre"
"https://pec.ac.in/faculty-affairs#main-content","a","Computer Centre"
"https://pec.ac.in/faculty-affairs#main-content","li","Sports"
"https://pec.ac.in/faculty-affairs#main-content","a","Sports"
"https://pec.ac.in/faculty-affairs#main-content","li","Hostels"
"https://pec.ac.in/faculty-affairs#main-content","a","Hostels"
"https://pec.ac.in/faculty-affairs#main-content","li","Medical Facility"
"https://pec.ac.in/faculty-affairs#main-content","a","Medical Facility"
"https://pec.ac.in/faculty-affairs#main-content","li","Workshops"
"https://pec.ac.in/faculty-affairs#main-content","a","Workshops"
"https://pec.ac.in/faculty-affairs#main-content","h3","Information"
"https://pec.ac.in/faculty-affairs#main-content","li","E-Notices"
"https://pec.ac.in/faculty-affairs#main-content","a","E-Notices"
"https://pec.ac.in/faculty-affairs#main-content","li","Multimedia"
"https://pec.ac.in/faculty-affairs#main-content","a","Multimedia"
"https://pec.ac.in/faculty-affairs#main-content","li","Brochure & Prospectus"
"https://pec.ac.in/faculty-affairs#main-content","a","Brochure & Prospectus"
"https://pec.ac.in/faculty-affairs#main-content","li","CRIKC"
"https://pec.ac.in/faculty-affairs#main-content","a","CRIKC"
"https://pec.ac.in/faculty-affairs#main-content","li","Sexual Harassment Complaints"
"https://pec.ac.in/faculty-affairs#main-content","a","Sexual Harassment Complaints"
"https://pec.ac.in/faculty-affairs#main-content","li","Website Credits"
"https://pec.ac.in/faculty-affairs#main-content","a","Website Credits"
"https://pec.ac.in/faculty-affairs#main-content","p","Copyright © 2020 Punjab Engineering College (Deemed to be University), Sector 12, Chandigarh, 160012"
"https://pec.ac.in/faculty-affairs#main-content","li","Web Editor"
"https://pec.ac.in/faculty-affairs#main-content","a","Web Editor"
"https://pec.ac.in/faculty-affairs#main-content","li","Anti-Ragging"
"https://pec.ac.in/faculty-affairs#main-content","a","Anti-Ragging"
"https://pec.ac.in/faculty-affairs#main-content","li","Privacy Statement"
"https://pec.ac.in/faculty-affairs#main-content","a","Privacy Statement"
"https://pec.ac.in/faculty-affairs#main-content","li","Report Copyright Infringement"
"https://pec.ac.in/faculty-affairs#main-content","a","Report Copyright Infringement"
"https://pec.ac.in/faculty-affairs#0","a","Skip to main content"
"https://pec.ac.in/faculty-affairs#0","li","Alumni"
"https://pec.ac.in/faculty-affairs#0","a","Alumni"
"https://pec.ac.in/faculty-affairs#0","li","Webmail"
"https://pec.ac.in/faculty-affairs#0","a","Webmail"
"https://pec.ac.in/faculty-affairs#0","li","Jobs"
"https://pec.ac.in/faculty-affairs#0","a","Jobs"
"https://pec.ac.in/faculty-affairs#0","li","Tenders"
"https://pec.ac.in/faculty-affairs#0","a","Tenders"
"https://pec.ac.in/faculty-affairs#0","li","Office Orders"
"https://pec.ac.in/faculty-affairs#0","a","Office Orders"
"https://pec.ac.in/faculty-affairs#0","li","NIRF"
"https://pec.ac.in/faculty-affairs#0","a","NIRF"
"https://pec.ac.in/faculty-affairs#0","li","RTI"
"https://pec.ac.in/faculty-affairs#0","a","RTI"
"https://pec.ac.in/faculty-affairs#0","li","Placements"
"https://pec.ac.in/faculty-affairs#0","a","Placements"
"https://pec.ac.in/faculty-affairs#0","li","Contact Us"
"https://pec.ac.in/faculty-affairs#0","a","Contact Us"
"https://pec.ac.in/faculty-affairs#0","li","Search"
"https://pec.ac.in/faculty-affairs#0","li","Home"
"https://pec.ac.in/faculty-affairs#0","a","Home"
"https://pec.ac.in/faculty-affairs#0","li","Institute History Vision & Mission Campus Location News and Events Tenders & Quotations Balance Sheets Rules, Guidelines & Forms Faculty Affairs IQAC Reports"
"https://pec.ac.in/faculty-affairs#0","a","Institute"
"https://pec.ac.in/faculty-affairs#0","li","History"
"https://pec.ac.in/faculty-affairs#0","a","History"
"https://pec.ac.in/faculty-affairs#0","li","Vision & Mission"
"https://pec.ac.in/faculty-affairs#0","a","Vision & Mission"
"https://pec.ac.in/faculty-affairs#0","li","Campus"
"https://pec.ac.in/faculty-affairs#0","a","Campus"
"https://pec.ac.in/faculty-affairs#0","li","Location"
"https://pec.ac.in/faculty-affairs#0","a","Location"
"https://pec.ac.in/faculty-affairs#0","li","News and Events"
"https://pec.ac.in/faculty-affairs#0","a","News and Events"
"https://pec.ac.in/faculty-affairs#0","li","Tenders & Quotations"
"https://pec.ac.in/faculty-affairs#0","a","Tenders & Quotations"
"https://pec.ac.in/faculty-affairs#0","li","Balance Sheets"
"https://pec.ac.in/faculty-affairs#0","a","Balance Sheets"
"https://pec.ac.in/faculty-affairs#0","li","Rules, Guidelines & Forms"
"https://pec.ac.in/faculty-affairs#0","a","Rules, Guidelines & Forms"
"https://pec.ac.in/faculty-affairs#0","li","Faculty Affairs"
"https://pec.ac.in/faculty-affairs#0","a","Faculty Affairs"
"https://pec.ac.in/faculty-affairs#0","li","IQAC Reports"
"https://pec.ac.in/faculty-affairs#0","a","IQAC Reports"
"https://pec.ac.in/faculty-affairs#0","li","Administration Board Of Governors Chairman, Board of Governors Director Senate Members Building & Works Committee Finance Committee Grievance Redressal Committee Institute Functionaries Minutes of Meetings"
"https://pec.ac.in/faculty-affairs#0","a","Administration"
"https://pec.ac.in/faculty-affairs#0","li","Board Of Governors"
"https://pec.ac.in/faculty-affairs#0","a","Board Of Governors"
"https://pec.ac.in/faculty-affairs#0","li","Chairman, Board of Governors"
"https://pec.ac.in/faculty-affairs#0","a","Chairman, Board of Governors"
"https://pec.ac.in/faculty-affairs#0","li","Director"
"https://pec.ac.in/faculty-affairs#0","a","Director"
"https://pec.ac.in/faculty-affairs#0","li","Senate Members"
"https://pec.ac.in/faculty-affairs#0","a","Senate Members"
"https://pec.ac.in/faculty-affairs#0","li","Building & Works Committee"
"https://pec.ac.in/faculty-affairs#0","a","Building & Works Committee"
"https://pec.ac.in/faculty-affairs#0","li","Finance Committee"
"https://pec.ac.in/faculty-affairs#0","a","Finance Committee"
"https://pec.ac.in/faculty-affairs#0","li","Grievance Redressal Committee"
"https://pec.ac.in/faculty-affairs#0","a","Grievance Redressal Committee"
"https://pec.ac.in/faculty-affairs#0","li","Institute Functionaries"
"https://pec.ac.in/faculty-affairs#0","a","Institute Functionaries"
"https://pec.ac.in/faculty-affairs#0","li","Minutes of Meetings"
"https://pec.ac.in/faculty-affairs#0","a","Minutes of Meetings"
"https://pec.ac.in/faculty-affairs#0","li","Programmes Undergraduate Postgraduate Doctorate Academic Support for Students Accreditation Scholarships IQAC Reports E-Academic Portal"
"https://pec.ac.in/faculty-affairs#0","a","Programmes"
"https://pec.ac.in/faculty-affairs#0","li","Undergraduate"
"https://pec.ac.in/faculty-affairs#0","a","Undergraduate"
"https://pec.ac.in/faculty-affairs#0","li","Postgraduate"
"https://pec.ac.in/faculty-affairs#0","a","Postgraduate"
"https://pec.ac.in/faculty-affairs#0","li","Doctorate"
"https://pec.ac.in/faculty-affairs#0","a","Doctorate"
"https://pec.ac.in/faculty-affairs#0","li","Academic Support for Students"
"https://pec.ac.in/faculty-affairs#0","a","Academic Support for Students"
"https://pec.ac.in/faculty-affairs#0","li","Accreditation"
"https://pec.ac.in/faculty-affairs#0","a","Accreditation"
"https://pec.ac.in/faculty-affairs#0","li","Scholarships"
"https://pec.ac.in/faculty-affairs#0","a","Scholarships"
"https://pec.ac.in/faculty-affairs#0","li","IQAC Reports"
"https://pec.ac.in/faculty-affairs#0","a","IQAC Reports"
"https://pec.ac.in/faculty-affairs#0","li","E-Academic Portal"
"https://pec.ac.in/faculty-affairs#0","a","E-Academic Portal"
"https://pec.ac.in/faculty-affairs#0","li","Admissions"
"https://pec.ac.in/faculty-affairs#0","a","Admissions"
"https://pec.ac.in/faculty-affairs#0","li","Academic Units Departments Centres"
"https://pec.ac.in/faculty-affairs#0","a","Academic Units"
"https://pec.ac.in/faculty-affairs#0","li","Departments"
"https://pec.ac.in/faculty-affairs#0","a","Departments"
"https://pec.ac.in/faculty-affairs#0","li","Centres"
"https://pec.ac.in/faculty-affairs#0","a","Centres"
"https://pec.ac.in/faculty-affairs#0","li","Research Overview Research Groups Sponsored Research In-House Projects Consultancy Courses and Conferences Young Research Fellows Programme Norms and Forms Contacts"
"https://pec.ac.in/faculty-affairs#0","a","Research"
"https://pec.ac.in/faculty-affairs#0","li","Overview"
"https://pec.ac.in/faculty-affairs#0","a","Overview"
"https://pec.ac.in/faculty-affairs#0","li","Research Groups"
"https://pec.ac.in/faculty-affairs#0","a","Research Groups"
"https://pec.ac.in/faculty-affairs#0","li","Sponsored Research"
"https://pec.ac.in/faculty-affairs#0","a","Sponsored Research"
"https://pec.ac.in/faculty-affairs#0","li","In-House Projects"
"https://pec.ac.in/faculty-affairs#0","a","In-House Projects"
"https://pec.ac.in/faculty-affairs#0","li","Consultancy"
"https://pec.ac.in/faculty-affairs#0","a","Consultancy"
"https://pec.ac.in/faculty-affairs#0","li","Courses and Conferences"
"https://pec.ac.in/faculty-affairs#0","a","Courses and Conferences"
"https://pec.ac.in/faculty-affairs#0","li","Young Research Fellows Programme"
"https://pec.ac.in/faculty-affairs#0","a","Young Research Fellows Programme"
"https://pec.ac.in/faculty-affairs#0","li","Norms and Forms"
"https://pec.ac.in/faculty-affairs#0","a","Norms and Forms"
"https://pec.ac.in/faculty-affairs#0","li","Contacts"
"https://pec.ac.in/faculty-affairs#0","a","Contacts"
"https://pec.ac.in/faculty-affairs#0","li","Campus Life Students Facilities Online Fee Payment"
"https://pec.ac.in/faculty-affairs#0","a","Campus Life"
"https://pec.ac.in/faculty-affairs#0","li","Students"
"https://pec.ac.in/faculty-affairs#0","a","Students"
"https://pec.ac.in/faculty-affairs#0","li","Facilities"
"https://pec.ac.in/faculty-affairs#0","a","Facilities"
"https://pec.ac.in/faculty-affairs#0","li","Online Fee Payment"
"https://pec.ac.in/faculty-affairs#0","a","Online Fee Payment"
"https://pec.ac.in/faculty-affairs#0","a","-A"
"https://pec.ac.in/faculty-affairs#0","a","A"
"https://pec.ac.in/faculty-affairs#0","a","+A"
"https://pec.ac.in/faculty-affairs#0","h3","Institute"
"https://pec.ac.in/faculty-affairs#0","li","Institute"
"https://pec.ac.in/faculty-affairs#0","a","Institute"
"https://pec.ac.in/faculty-affairs#0","li","History"
"https://pec.ac.in/faculty-affairs#0","a","History"
"https://pec.ac.in/faculty-affairs#0","li","Vision & Mission"
"https://pec.ac.in/faculty-affairs#0","a","Vision & Mission"
"https://pec.ac.in/faculty-affairs#0","li","Campus"
"https://pec.ac.in/faculty-affairs#0","a","Campus"
"https://pec.ac.in/faculty-affairs#0","li","Location"
"https://pec.ac.in/faculty-affairs#0","a","Location"
"https://pec.ac.in/faculty-affairs#0","li","Top Stories"
"https://pec.ac.in/faculty-affairs#0","a","Top Stories"
"https://pec.ac.in/faculty-affairs#0","li","PEC Anthem"
"https://pec.ac.in/faculty-affairs#0","a","PEC Anthem"
"https://pec.ac.in/faculty-affairs#0","li","News & Events"
"https://pec.ac.in/faculty-affairs#0","a","News & Events"
"https://pec.ac.in/faculty-affairs#0","li","Rules, Guidelines & Forms"
"https://pec.ac.in/faculty-affairs#0","a","Rules, Guidelines & Forms"
"https://pec.ac.in/faculty-affairs#0","li","Office Orders"
"https://pec.ac.in/faculty-affairs#0","a","Office Orders"
"https://pec.ac.in/faculty-affairs#0","li","Tenders and Quotations"
"https://pec.ac.in/faculty-affairs#0","a","Tenders and Quotations"
"https://pec.ac.in/faculty-affairs#0","li","Job Openings"
"https://pec.ac.in/faculty-affairs#0","a","Job Openings"
"https://pec.ac.in/faculty-affairs#0","p","Quick Links"
"https://pec.ac.in/faculty-affairs#0","a","Quick Links"
"https://pec.ac.in/faculty-affairs#0","li","Alumni"
"https://pec.ac.in/faculty-affairs#0","a","Alumni"
"https://pec.ac.in/faculty-affairs#0","li","Central Library"
"https://pec.ac.in/faculty-affairs#0","a","Central Library"
"https://pec.ac.in/faculty-affairs#0","li","TEQIP III"
"https://pec.ac.in/faculty-affairs#0","a","TEQIP III"
"https://pec.ac.in/faculty-affairs#0","li","Admissions"
"https://pec.ac.in/faculty-affairs#0","a","Admissions"
"https://pec.ac.in/faculty-affairs#0","li","Placement"
"https://pec.ac.in/faculty-affairs#0","a","Placement"
"https://pec.ac.in/faculty-affairs#0","li","Tenders"
"https://pec.ac.in/faculty-affairs#0","a","Tenders"
"https://pec.ac.in/faculty-affairs#0","a","Close modal"
"https://pec.ac.in/faculty-affairs#0","li","Electrical Engineering"
"https://pec.ac.in/faculty-affairs#0","a","Electrical Engineering"
"https://pec.ac.in/faculty-affairs#0","li","Electronics and Communication Engineering"
"https://pec.ac.in/faculty-affairs#0","a","Electronics and Communication Engineering"
"https://pec.ac.in/faculty-affairs#0","li","Production and Industrial Engineering"
"https://pec.ac.in/faculty-affairs#0","a","Production and Industrial Engineering"
"https://pec.ac.in/faculty-affairs#0","li","Guidelines for Engaging Faculty in PEC"
"https://pec.ac.in/faculty-affairs#0","a","Guidelines for Engaging Faculty in PEC"
"https://pec.ac.in/faculty-affairs#0","li","Qualifications for Humanities and Management & TQM"
"https://pec.ac.in/faculty-affairs#0","a","Qualifications for Humanities and Management & TQM"
"https://pec.ac.in/faculty-affairs#0","li","Provision of Emeritus/Visiting/Chair Professor"
"https://pec.ac.in/faculty-affairs#0","a","Provision of Emeritus/Visiting/Chair Professor"
"https://pec.ac.in/faculty-affairs#0","li","Engagement of Adjunct Faculty at PEC"
"https://pec.ac.in/faculty-affairs#0","a","Engagement of Adjunct Faculty at PEC"
"https://pec.ac.in/faculty-affairs#0","li","Selection Process for Direct Recruitment"
"https://pec.ac.in/faculty-affairs#0","a","Selection Process for Direct Recruitment"
"https://pec.ac.in/faculty-affairs#0","li","UGC 2010"
"https://pec.ac.in/faculty-affairs#0","a","UGC 2010"
"https://pec.ac.in/faculty-affairs#0","li","UGC 2013"
"https://pec.ac.in/faculty-affairs#0","a","UGC 2013"
"https://pec.ac.in/faculty-affairs#0","li","UGC 2016"
"https://pec.ac.in/faculty-affairs#0","a","UGC 2016"
"https://pec.ac.in/faculty-affairs#0","li","Selection Process"
"https://pec.ac.in/faculty-affairs#0","a","Selection Process"
"https://pec.ac.in/faculty-affairs#0","li","PBAS"
"https://pec.ac.in/faculty-affairs#0","a","PBAS"
"https://pec.ac.in/faculty-affairs#0","li","Guidelines for Re-employment of Supperannuated Teachers"
"https://pec.ac.in/faculty-affairs#0","a","Guidelines for Re-employment of Supperannuated Teachers"
"https://pec.ac.in/faculty-affairs#0","li","PDA Guidelines"
"https://pec.ac.in/faculty-affairs#0","a","PDA Guidelines"
"https://pec.ac.in/faculty-affairs#0","li","PDA Form"
"https://pec.ac.in/faculty-affairs#0","a","PDA Form"
"https://pec.ac.in/faculty-affairs#0","li","PDF"
"https://pec.ac.in/faculty-affairs#0","a","PDF"
"https://pec.ac.in/faculty-affairs#0","li","Special Casual Leave"
"https://pec.ac.in/faculty-affairs#0","a","Special Casual Leave"
"https://pec.ac.in/faculty-affairs#0","li","Study Leave"
"https://pec.ac.in/faculty-affairs#0","a","Study Leave"
"https://pec.ac.in/faculty-affairs#0","li","Child Care Leave"
"https://pec.ac.in/faculty-affairs#0","a","Child Care Leave"
"https://pec.ac.in/faculty-affairs#0","li","Sabbatical Leave Rules"
"https://pec.ac.in/faculty-affairs#0","a","Sabbatical Leave Rules"
"https://pec.ac.in/faculty-affairs#0","li","Administrative Duties"
"https://pec.ac.in/faculty-affairs#0","a","Administrative Duties"
"https://pec.ac.in/faculty-affairs#0","li","Faculty/Alumni/Staff Awards"
"https://pec.ac.in/faculty-affairs#0","a","Faculty/Alumni/Staff Awards"
"https://pec.ac.in/faculty-affairs#0","li","Allowance to Functionaries"
"https://pec.ac.in/faculty-affairs#0","a","Allowance to Functionaries"
"https://pec.ac.in/faculty-affairs#0","li","Application for LTC"
"https://pec.ac.in/faculty-affairs#0","a","Application for LTC"
"https://pec.ac.in/faculty-affairs#0","li","Criteria for Ex-India Leave"
"https://pec.ac.in/faculty-affairs#0","a","Criteria for Ex-India Leave"
"https://pec.ac.in/faculty-affairs#0","li","LTC along with Leave Encashment"
"https://pec.ac.in/faculty-affairs#0","a","LTC along with Leave Encashment"
"https://pec.ac.in/faculty-affairs#0","li","Retirement Age"
"https://pec.ac.in/faculty-affairs#0","a","Retirement Age"
"https://pec.ac.in/faculty-affairs#0","li","Undertaking for Ex-India Leave"
"https://pec.ac.in/faculty-affairs#0","a","Undertaking for Ex-India Leave"
"https://pec.ac.in/faculty-affairs#0","h3","Research"
"https://pec.ac.in/faculty-affairs#0","li","Overview"
"https://pec.ac.in/faculty-affairs#0","a","Overview"
"https://pec.ac.in/faculty-affairs#0","li","Research Groups"
"https://pec.ac.in/faculty-affairs#0","a","Research Groups"
"https://pec.ac.in/faculty-affairs#0","li","Sponsored Research"
"https://pec.ac.in/faculty-affairs#0","a","Sponsored Research"
"https://pec.ac.in/faculty-affairs#0","li","Consultancy"
"https://pec.ac.in/faculty-affairs#0","a","Consultancy"
"https://pec.ac.in/faculty-affairs#0","li","Collaborations"
"https://pec.ac.in/faculty-affairs#0","a","Collaborations"
"https://pec.ac.in/faculty-affairs#0","li","In-House Projects"
"https://pec.ac.in/faculty-affairs#0","a","In-House Projects"
"https://pec.ac.in/faculty-affairs#0","h3","Academics"
"https://pec.ac.in/faculty-affairs#0","li","Time Tables"
"https://pec.ac.in/faculty-affairs#0","a","Time Tables"
"https://pec.ac.in/faculty-affairs#0","li","Examination"
"https://pec.ac.in/faculty-affairs#0","a","Examination"
"https://pec.ac.in/faculty-affairs#0","li","Academic Calendar"
"https://pec.ac.in/faculty-affairs#0","a","Academic Calendar"
"https://pec.ac.in/faculty-affairs#0","li","Undergraduate Programme"
"https://pec.ac.in/faculty-affairs#0","a","Undergraduate Programme"
"https://pec.ac.in/faculty-affairs#0","li","Postgraduate Programme"
"https://pec.ac.in/faculty-affairs#0","a","Postgraduate Programme"
"https://pec.ac.in/faculty-affairs#0","li","PhD Programme"
"https://pec.ac.in/faculty-affairs#0","a","PhD Programme"
"https://pec.ac.in/faculty-affairs#0","h3","Facilities"
"https://pec.ac.in/faculty-affairs#0","li","Library"
"https://pec.ac.in/faculty-affairs#0","a","Library"
"https://pec.ac.in/faculty-affairs#0","li","Computer Centre"
"https://pec.ac.in/faculty-affairs#0","a","Computer Centre"
"https://pec.ac.in/faculty-affairs#0","li","Sports"
"https://pec.ac.in/faculty-affairs#0","a","Sports"
"https://pec.ac.in/faculty-affairs#0","li","Hostels"
"https://pec.ac.in/faculty-affairs#0","a","Hostels"
"https://pec.ac.in/faculty-affairs#0","li","Medical Facility"
"https://pec.ac.in/faculty-affairs#0","a","Medical Facility"
"https://pec.ac.in/faculty-affairs#0","li","Workshops"
"https://pec.ac.in/faculty-affairs#0","a","Workshops"
"https://pec.ac.in/faculty-affairs#0","h3","Information"
"https://pec.ac.in/faculty-affairs#0","li","E-Notices"
"https://pec.ac.in/faculty-affairs#0","a","E-Notices"
"https://pec.ac.in/faculty-affairs#0","li","Multimedia"
"https://pec.ac.in/faculty-affairs#0","a","Multimedia"
"https://pec.ac.in/faculty-affairs#0","li","Brochure & Prospectus"
"https://pec.ac.in/faculty-affairs#0","a","Brochure & Prospectus"
"https://pec.ac.in/faculty-affairs#0","li","CRIKC"
"https://pec.ac.in/faculty-affairs#0","a","CRIKC"
"https://pec.ac.in/faculty-affairs#0","li","Sexual Harassment Complaints"
"https://pec.ac.in/faculty-affairs#0","a","Sexual Harassment Complaints"
"https://pec.ac.in/faculty-affairs#0","li","Website Credits"
"https://pec.ac.in/faculty-affairs#0","a","Website Credits"
"https://pec.ac.in/faculty-affairs#0","p","Copyright © 2020 Punjab Engineering College (Deemed to be University), Sector 12, Chandigarh, 160012"
"https://pec.ac.in/faculty-affairs#0","li","Web Editor"
"https://pec.ac.in/faculty-affairs#0","a","Web Editor"
"https://pec.ac.in/faculty-affairs#0","li","Anti-Ragging"
"https://pec.ac.in/faculty-affairs#0","a","Anti-Ragging"
"https://pec.ac.in/faculty-affairs#0","li","Privacy Statement"
"https://pec.ac.in/faculty-affairs#0","a","Privacy Statement"
"https://pec.ac.in/faculty-affairs#0","li","Report Copyright Infringement"
"https://pec.ac.in/faculty-affairs#0","a","Report Copyright Infringement"
"https://pec.ac.in/research-groups-recent-interests-faculty","a","Skip to main content"
"https://pec.ac.in/research-groups-recent-interests-faculty","li","Alumni"
"https://pec.ac.in/research-groups-recent-interests-faculty","a","Alumni"
"https://pec.ac.in/research-groups-recent-interests-faculty","li","Webmail"
"https://pec.ac.in/research-groups-recent-interests-faculty","a","Webmail"
"https://pec.ac.in/research-groups-recent-interests-faculty","li","Jobs"
"https://pec.ac.in/research-groups-recent-interests-faculty","a","Jobs"
"https://pec.ac.in/research-groups-recent-interests-faculty","li","Tenders"
"https://pec.ac.in/research-groups-recent-interests-faculty","a","Tenders"
"https://pec.ac.in/research-groups-recent-interests-faculty","li","Office Orders"
"https://pec.ac.in/research-groups-recent-interests-faculty","a","Office Orders"
"https://pec.ac.in/research-groups-recent-interests-faculty","li","NIRF"
"https://pec.ac.in/research-groups-recent-interests-faculty","a","NIRF"
"https://pec.ac.in/research-groups-recent-interests-faculty","li","RTI"
"https://pec.ac.in/research-groups-recent-interests-faculty","a","RTI"
"https://pec.ac.in/research-groups-recent-interests-faculty","li","Placements"
"https://pec.ac.in/research-groups-recent-interests-faculty","a","Placements"
"https://pec.ac.in/research-groups-recent-interests-faculty","li","Contact Us"
"https://pec.ac.in/research-groups-recent-interests-faculty","a","Contact Us"
"https://pec.ac.in/research-groups-recent-interests-faculty","li","Search"
"https://pec.ac.in/research-groups-recent-interests-faculty","li","Home"
"https://pec.ac.in/research-groups-recent-interests-faculty","a","Home"
"https://pec.ac.in/research-groups-recent-interests-faculty","li","Institute History Vision & Mission Campus Location News and Events Tenders & Quotations Balance Sheets Rules, Guidelines & Forms Faculty Affairs IQAC Reports"
"https://pec.ac.in/research-groups-recent-interests-faculty","a","Institute"
"https://pec.ac.in/research-groups-recent-interests-faculty","li","History"
"https://pec.ac.in/research-groups-recent-interests-faculty","a","History"
"https://pec.ac.in/research-groups-recent-interests-faculty","li","Vision & Mission"
"https://pec.ac.in/research-groups-recent-interests-faculty","a","Vision & Mission"
"https://pec.ac.in/research-groups-recent-interests-faculty","li","Campus"
"https://pec.ac.in/research-groups-recent-interests-faculty","a","Campus"
"https://pec.ac.in/research-groups-recent-interests-faculty","li","Location"
"https://pec.ac.in/research-groups-recent-interests-faculty","a","Location"
"https://pec.ac.in/research-groups-recent-interests-faculty","li","News and Events"
"https://pec.ac.in/research-groups-recent-interests-faculty","a","News and Events"
"https://pec.ac.in/research-groups-recent-interests-faculty","li","Tenders & Quotations"
"https://pec.ac.in/research-groups-recent-interests-faculty","a","Tenders & Quotations"
"https://pec.ac.in/research-groups-recent-interests-faculty","li","Balance Sheets"
"https://pec.ac.in/research-groups-recent-interests-faculty","a","Balance Sheets"
"https://pec.ac.in/research-groups-recent-interests-faculty","li","Rules, Guidelines & Forms"
"https://pec.ac.in/research-groups-recent-interests-faculty","a","Rules, Guidelines & Forms"
"https://pec.ac.in/research-groups-recent-interests-faculty","li","Faculty Affairs"
"https://pec.ac.in/research-groups-recent-interests-faculty","a","Faculty Affairs"
"https://pec.ac.in/research-groups-recent-interests-faculty","li","IQAC Reports"
"https://pec.ac.in/research-groups-recent-interests-faculty","a","IQAC Reports"
"https://pec.ac.in/research-groups-recent-interests-faculty","li","Administration Board Of Governors Chairman, Board of Governors Director Senate Members Building & Works Committee Finance Committee Grievance Redressal Committee Institute Functionaries Minutes of Meetings"
"https://pec.ac.in/research-groups-recent-interests-faculty","a","Administration"
"https://pec.ac.in/research-groups-recent-interests-faculty","li","Board Of Governors"
"https://pec.ac.in/research-groups-recent-interests-faculty","a","Board Of Governors"
"https://pec.ac.in/research-groups-recent-interests-faculty","li","Chairman, Board of Governors"
"https://pec.ac.in/research-groups-recent-interests-faculty","a","Chairman, Board of Governors"
"https://pec.ac.in/research-groups-recent-interests-faculty","li","Director"
"https://pec.ac.in/research-groups-recent-interests-faculty","a","Director"
"https://pec.ac.in/research-groups-recent-interests-faculty","li","Senate Members"
"https://pec.ac.in/research-groups-recent-interests-faculty","a","Senate Members"
"https://pec.ac.in/research-groups-recent-interests-faculty","li","Building & Works Committee"
"https://pec.ac.in/research-groups-recent-interests-faculty","a","Building & Works Committee"
"https://pec.ac.in/research-groups-recent-interests-faculty","li","Finance Committee"
"https://pec.ac.in/research-groups-recent-interests-faculty","a","Finance Committee"
"https://pec.ac.in/research-groups-recent-interests-faculty","li","Grievance Redressal Committee"
"https://pec.ac.in/research-groups-recent-interests-faculty","a","Grievance Redressal Committee"
"https://pec.ac.in/research-groups-recent-interests-faculty","li","Institute Functionaries"
"https://pec.ac.in/research-groups-recent-interests-faculty","a","Institute Functionaries"
"https://pec.ac.in/research-groups-recent-interests-faculty","li","Minutes of Meetings"
"https://pec.ac.in/research-groups-recent-interests-faculty","a","Minutes of Meetings"
"https://pec.ac.in/research-groups-recent-interests-faculty","li","Programmes Undergraduate Postgraduate Doctorate Academic Support for Students Accreditation Scholarships IQAC Reports E-Academic Portal"
"https://pec.ac.in/research-groups-recent-interests-faculty","a","Programmes"
"https://pec.ac.in/research-groups-recent-interests-faculty","li","Undergraduate"
"https://pec.ac.in/research-groups-recent-interests-faculty","a","Undergraduate"
"https://pec.ac.in/research-groups-recent-interests-faculty","li","Postgraduate"
"https://pec.ac.in/research-groups-recent-interests-faculty","a","Postgraduate"
"https://pec.ac.in/research-groups-recent-interests-faculty","li","Doctorate"
"https://pec.ac.in/research-groups-recent-interests-faculty","a","Doctorate"
"https://pec.ac.in/research-groups-recent-interests-faculty","li","Academic Support for Students"
"https://pec.ac.in/research-groups-recent-interests-faculty","a","Academic Support for Students"
"https://pec.ac.in/research-groups-recent-interests-faculty","li","Accreditation"
"https://pec.ac.in/research-groups-recent-interests-faculty","a","Accreditation"
"https://pec.ac.in/research-groups-recent-interests-faculty","li","Scholarships"
"https://pec.ac.in/research-groups-recent-interests-faculty","a","Scholarships"
"https://pec.ac.in/research-groups-recent-interests-faculty","li","IQAC Reports"
"https://pec.ac.in/research-groups-recent-interests-faculty","a","IQAC Reports"
"https://pec.ac.in/research-groups-recent-interests-faculty","li","E-Academic Portal"
"https://pec.ac.in/research-groups-recent-interests-faculty","a","E-Academic Portal"
"https://pec.ac.in/research-groups-recent-interests-faculty","li","Admissions"
"https://pec.ac.in/research-groups-recent-interests-faculty","a","Admissions"
"https://pec.ac.in/research-groups-recent-interests-faculty","li","Academic Units Departments Centres"
"https://pec.ac.in/research-groups-recent-interests-faculty","a","Academic Units"
"https://pec.ac.in/research-groups-recent-interests-faculty","li","Departments"
"https://pec.ac.in/research-groups-recent-interests-faculty","a","Departments"
"https://pec.ac.in/research-groups-recent-interests-faculty","li","Centres"
"https://pec.ac.in/research-groups-recent-interests-faculty","a","Centres"
"https://pec.ac.in/research-groups-recent-interests-faculty","li","Research Overview Research Groups Sponsored Research In-House Projects Consultancy Courses and Conferences Young Research Fellows Programme Norms and Forms Contacts"
"https://pec.ac.in/research-groups-recent-interests-faculty","a","Research"
"https://pec.ac.in/research-groups-recent-interests-faculty","li","Overview"
"https://pec.ac.in/research-groups-recent-interests-faculty","a","Overview"
"https://pec.ac.in/research-groups-recent-interests-faculty","li","Research Groups"
"https://pec.ac.in/research-groups-recent-interests-faculty","a","Research Groups"
"https://pec.ac.in/research-groups-recent-interests-faculty","li","Sponsored Research"
"https://pec.ac.in/research-groups-recent-interests-faculty","a","Sponsored Research"
"https://pec.ac.in/research-groups-recent-interests-faculty","li","In-House Projects"
"https://pec.ac.in/research-groups-recent-interests-faculty","a","In-House Projects"
"https://pec.ac.in/research-groups-recent-interests-faculty","li","Consultancy"
"https://pec.ac.in/research-groups-recent-interests-faculty","a","Consultancy"
"https://pec.ac.in/research-groups-recent-interests-faculty","li","Courses and Conferences"
"https://pec.ac.in/research-groups-recent-interests-faculty","a","Courses and Conferences"
"https://pec.ac.in/research-groups-recent-interests-faculty","li","Young Research Fellows Programme"
"https://pec.ac.in/research-groups-recent-interests-faculty","a","Young Research Fellows Programme"
"https://pec.ac.in/research-groups-recent-interests-faculty","li","Norms and Forms"
"https://pec.ac.in/research-groups-recent-interests-faculty","a","Norms and Forms"
"https://pec.ac.in/research-groups-recent-interests-faculty","li","Contacts"
"https://pec.ac.in/research-groups-recent-interests-faculty","a","Contacts"
"https://pec.ac.in/research-groups-recent-interests-faculty","li","Campus Life Students Facilities Online Fee Payment"
"https://pec.ac.in/research-groups-recent-interests-faculty","a","Campus Life"
"https://pec.ac.in/research-groups-recent-interests-faculty","li","Students"
"https://pec.ac.in/research-groups-recent-interests-faculty","a","Students"
"https://pec.ac.in/research-groups-recent-interests-faculty","li","Facilities"
"https://pec.ac.in/research-groups-recent-interests-faculty","a","Facilities"
"https://pec.ac.in/research-groups-recent-interests-faculty","li","Online Fee Payment"
"https://pec.ac.in/research-groups-recent-interests-faculty","a","Online Fee Payment"
"https://pec.ac.in/research-groups-recent-interests-faculty","a","-A"
"https://pec.ac.in/research-groups-recent-interests-faculty","a","A"
"https://pec.ac.in/research-groups-recent-interests-faculty","a","+A"
"https://pec.ac.in/research-groups-recent-interests-faculty","h3","Research & Consultancy"
"https://pec.ac.in/research-groups-recent-interests-faculty","li","Overview"
"https://pec.ac.in/research-groups-recent-interests-faculty","a","Overview"
"https://pec.ac.in/research-groups-recent-interests-faculty","li","Research Groups As Per UGC thrust areas As Per Faculty Interests Aerodynamic Nano Structures Micro Financing Traffic and Transport Planning Photonic Systems Mechatronics Manufacturing Processes"
"https://pec.ac.in/research-groups-recent-interests-faculty","a","Research Groups"
"https://pec.ac.in/research-groups-recent-interests-faculty","li","As Per UGC thrust areas"
"https://pec.ac.in/research-groups-recent-interests-faculty","a","As Per UGC thrust areas"
"https://pec.ac.in/research-groups-recent-interests-faculty","li","As Per Faculty Interests Aerodynamic Nano Structures Micro Financing Traffic and Transport Planning Photonic Systems Mechatronics Manufacturing Processes"
"https://pec.ac.in/research-groups-recent-interests-faculty","a","As Per Faculty Interests"
"https://pec.ac.in/research-groups-recent-interests-faculty","li","Aerodynamic"
"https://pec.ac.in/research-groups-recent-interests-faculty","a","Aerodynamic"
"https://pec.ac.in/research-groups-recent-interests-faculty","li","Nano Structures"
"https://pec.ac.in/research-groups-recent-interests-faculty","a","Nano Structures"
"https://pec.ac.in/research-groups-recent-interests-faculty","li","Micro Financing"
"https://pec.ac.in/research-groups-recent-interests-faculty","a","Micro Financing"
"https://pec.ac.in/research-groups-recent-interests-faculty","li","Traffic and Transport Planning"
"https://pec.ac.in/research-groups-recent-interests-faculty","a","Traffic and Transport Planning"
"https://pec.ac.in/research-groups-recent-interests-faculty","li","Photonic Systems"
"https://pec.ac.in/research-groups-recent-interests-faculty","a","Photonic Systems"
"https://pec.ac.in/research-groups-recent-interests-faculty","li","Mechatronics"
"https://pec.ac.in/research-groups-recent-interests-faculty","a","Mechatronics"
"https://pec.ac.in/research-groups-recent-interests-faculty","li","Manufacturing Processes"
"https://pec.ac.in/research-groups-recent-interests-faculty","a","Manufacturing Processes"
"https://pec.ac.in/research-groups-recent-interests-faculty","li","Sponsored Research"
"https://pec.ac.in/research-groups-recent-interests-faculty","a","Sponsored Research"
"https://pec.ac.in/research-groups-recent-interests-faculty","li","In-House Projects"
"https://pec.ac.in/research-groups-recent-interests-faculty","a","In-House Projects"
"https://pec.ac.in/research-groups-recent-interests-faculty","li","Consultancy"
"https://pec.ac.in/research-groups-recent-interests-faculty","a","Consultancy"
"https://pec.ac.in/research-groups-recent-interests-faculty","li","Advance Manufacturing Lab"
"https://pec.ac.in/research-groups-recent-interests-faculty","a","Advance Manufacturing Lab"
"https://pec.ac.in/research-groups-recent-interests-faculty","li","Norms and Forms"
"https://pec.ac.in/research-groups-recent-interests-faculty","a","Norms and Forms"
"https://pec.ac.in/research-groups-recent-interests-faculty","li","Contacts"
"https://pec.ac.in/research-groups-recent-interests-faculty","a","Contacts"
"https://pec.ac.in/research-groups-recent-interests-faculty","p","Quick Links"
"https://pec.ac.in/research-groups-recent-interests-faculty","a","Quick Links"
"https://pec.ac.in/research-groups-recent-interests-faculty","li","Alumni"
"https://pec.ac.in/research-groups-recent-interests-faculty","a","Alumni"
"https://pec.ac.in/research-groups-recent-interests-faculty","li","Central Library"
"https://pec.ac.in/research-groups-recent-interests-faculty","a","Central Library"
"https://pec.ac.in/research-groups-recent-interests-faculty","li","TEQIP III"
"https://pec.ac.in/research-groups-recent-interests-faculty","a","TEQIP III"
"https://pec.ac.in/research-groups-recent-interests-faculty","li","Admissions"
"https://pec.ac.in/research-groups-recent-interests-faculty","a","Admissions"
"https://pec.ac.in/research-groups-recent-interests-faculty","li","Placement"
"https://pec.ac.in/research-groups-recent-interests-faculty","a","Placement"
"https://pec.ac.in/research-groups-recent-interests-faculty","li","Tenders"
"https://pec.ac.in/research-groups-recent-interests-faculty","a","Tenders"
"https://pec.ac.in/research-groups-recent-interests-faculty","a","Close modal"
"https://pec.ac.in/research-groups-recent-interests-faculty","li","Aerodynamic The main activity of the research group is in the area of supersonic aerodynamics. An open-jet supersonic wind tunnel facility is being established as in-house project entitled Installation of open-jet supersonic wind-tunnel with Data Acquisition System."
"https://pec.ac.in/research-groups-recent-interests-faculty","h4","Aerodynamic"
"https://pec.ac.in/research-groups-recent-interests-faculty","a","Aerodynamic"
"https://pec.ac.in/research-groups-recent-interests-faculty","li","Nano Structures of Functional Materials The main activity of the research group is the synthesis and characterization of the nanostructures of functional materials by different techniques. Recently nanostructures such as nanoparticles, nanotubes, nanowires and nanorods, of functional materials have received considerable attention from the academia and the industry due to their distinctive physical properties and potential applications in nanoscale piezoelectric transducers and actuators, ultrasonic devices, and high-density nonvolatile memory devices."
"https://pec.ac.in/research-groups-recent-interests-faculty","h4","Nano Structures of Functional Materials"
"https://pec.ac.in/research-groups-recent-interests-faculty","a","Nano Structures of Functional Materials"
"https://pec.ac.in/research-groups-recent-interests-faculty","li","Micro Financing The main activity of the research group is to analysis the impact of Microfinance on Woman Empowerment. is the process of enabling or authorizing an individual to think, behave, take action and control work in an autonomous way. It includes both controls over resources (Physical, Human, Intellectual and Financial) and over ideology (Belief, values and attitudes). It can be viewed as a means of creating a social environment in which one can take decisions and make choice either individually or collectively for social transformation."
"https://pec.ac.in/research-groups-recent-interests-faculty","h4","Micro Financing"
"https://pec.ac.in/research-groups-recent-interests-faculty","a","Micro Financing"
"https://pec.ac.in/research-groups-recent-interests-faculty","li","Traffic and Transport Planning The main activity of the group is to contribute in study for intersection improvement, study for possible implementation of BRT system, feasibility study for evolving needed traffic regulations and study for Parking solutions in selected areas"
"https://pec.ac.in/research-groups-recent-interests-faculty","h4","Traffic and Transport Planning"
"https://pec.ac.in/research-groups-recent-interests-faculty","a","Traffic and Transport Planning"
"https://pec.ac.in/research-groups-recent-interests-faculty","li","Photonic Systems and Network Design The main activity of the group is to facilitate research and development in the area of photonics to form design, simulation and demonstration of new technologies for further broadband photonic communication systems and compare upgrade strategies. It will be used to design optical transmission systems, evaluate impact of real world equipment and new component ideas on system design. This multi-user shared research facility may be extended for consultancy and Industrial research."
"https://pec.ac.in/research-groups-recent-interests-faculty","h4","Photonic Systems and Network Design"
"https://pec.ac.in/research-groups-recent-interests-faculty","a","Photonic Systems and Network Design"
"https://pec.ac.in/research-groups-recent-interests-faculty","li","Mechatronics Mechatronics is an interdisciplinary field, based on classical mechanical and electrical engineering as well as automation science and technology and computer science. Mechatronics expands into core competency areas of followings such as: automation, robotics, mechatronics design, programmable logic controllers, electro-pneumatics, vision systems, computer numerical control, and computer aided design/computer aided manufacturing, sensors, virtual reality, computer programming, microcontroller and control engineering.The main activities of the group is to focus on integral system development with technical components connected via an intelligent control system."
"https://pec.ac.in/research-groups-recent-interests-faculty","h4","Mechatronics"
"https://pec.ac.in/research-groups-recent-interests-faculty","a","Mechatronics"
"https://pec.ac.in/research-groups-recent-interests-faculty","li","Micro & Advanced Manufacturing Processes The main activity of the group is to focus on the on the development of new tool and work materials along with the optimization of the various advanced machining processes. Over last few years, fundamental research on non-conventional machining has been conducted at various research centers. Despite the progress in theoretical understanding and modeling development, there has been less work accomplished in experimental studies and model validation. In fact, very little experimental data exists in the literature on the parametric study and performance analysis and optimization of the processes."
"https://pec.ac.in/research-groups-recent-interests-faculty","h4","Micro & Advanced Manufacturing Processes"
"https://pec.ac.in/research-groups-recent-interests-faculty","a","Micro & Advanced Manufacturing Processes"
"https://pec.ac.in/research-groups-recent-interests-faculty","h3","Research"
"https://pec.ac.in/research-groups-recent-interests-faculty","li","Overview"
"https://pec.ac.in/research-groups-recent-interests-faculty","a","Overview"
"https://pec.ac.in/research-groups-recent-interests-faculty","li","Research Groups"
"https://pec.ac.in/research-groups-recent-interests-faculty","a","Research Groups"
"https://pec.ac.in/research-groups-recent-interests-faculty","li","Sponsored Research"
"https://pec.ac.in/research-groups-recent-interests-faculty","a","Sponsored Research"
"https://pec.ac.in/research-groups-recent-interests-faculty","li","Consultancy"
"https://pec.ac.in/research-groups-recent-interests-faculty","a","Consultancy"
"https://pec.ac.in/research-groups-recent-interests-faculty","li","Collaborations"
"https://pec.ac.in/research-groups-recent-interests-faculty","a","Collaborations"
"https://pec.ac.in/research-groups-recent-interests-faculty","li","In-House Projects"
"https://pec.ac.in/research-groups-recent-interests-faculty","a","In-House Projects"
"https://pec.ac.in/research-groups-recent-interests-faculty","h3","Academics"
"https://pec.ac.in/research-groups-recent-interests-faculty","li","Time Tables"
"https://pec.ac.in/research-groups-recent-interests-faculty","a","Time Tables"
"https://pec.ac.in/research-groups-recent-interests-faculty","li","Examination"
"https://pec.ac.in/research-groups-recent-interests-faculty","a","Examination"
"https://pec.ac.in/research-groups-recent-interests-faculty","li","Academic Calendar"
"https://pec.ac.in/research-groups-recent-interests-faculty","a","Academic Calendar"
"https://pec.ac.in/research-groups-recent-interests-faculty","li","Undergraduate Programme"
"https://pec.ac.in/research-groups-recent-interests-faculty","a","Undergraduate Programme"
"https://pec.ac.in/research-groups-recent-interests-faculty","li","Postgraduate Programme"
"https://pec.ac.in/research-groups-recent-interests-faculty","a","Postgraduate Programme"
"https://pec.ac.in/research-groups-recent-interests-faculty","li","PhD Programme"
"https://pec.ac.in/research-groups-recent-interests-faculty","a","PhD Programme"
"https://pec.ac.in/research-groups-recent-interests-faculty","h3","Facilities"
"https://pec.ac.in/research-groups-recent-interests-faculty","li","Library"
"https://pec.ac.in/research-groups-recent-interests-faculty","a","Library"
"https://pec.ac.in/research-groups-recent-interests-faculty","li","Computer Centre"
"https://pec.ac.in/research-groups-recent-interests-faculty","a","Computer Centre"
"https://pec.ac.in/research-groups-recent-interests-faculty","li","Sports"
"https://pec.ac.in/research-groups-recent-interests-faculty","a","Sports"
"https://pec.ac.in/research-groups-recent-interests-faculty","li","Hostels"
"https://pec.ac.in/research-groups-recent-interests-faculty","a","Hostels"
"https://pec.ac.in/research-groups-recent-interests-faculty","li","Medical Facility"
"https://pec.ac.in/research-groups-recent-interests-faculty","a","Medical Facility"
"https://pec.ac.in/research-groups-recent-interests-faculty","li","Workshops"
"https://pec.ac.in/research-groups-recent-interests-faculty","a","Workshops"
"https://pec.ac.in/research-groups-recent-interests-faculty","h3","Information"
"https://pec.ac.in/research-groups-recent-interests-faculty","li","E-Notices"
"https://pec.ac.in/research-groups-recent-interests-faculty","a","E-Notices"
"https://pec.ac.in/research-groups-recent-interests-faculty","li","Multimedia"
"https://pec.ac.in/research-groups-recent-interests-faculty","a","Multimedia"
"https://pec.ac.in/research-groups-recent-interests-faculty","li","Brochure & Prospectus"
"https://pec.ac.in/research-groups-recent-interests-faculty","a","Brochure & Prospectus"
"https://pec.ac.in/research-groups-recent-interests-faculty","li","CRIKC"
"https://pec.ac.in/research-groups-recent-interests-faculty","a","CRIKC"
"https://pec.ac.in/research-groups-recent-interests-faculty","li","Sexual Harassment Complaints"
"https://pec.ac.in/research-groups-recent-interests-faculty","a","Sexual Harassment Complaints"
"https://pec.ac.in/research-groups-recent-interests-faculty","li","Website Credits"
"https://pec.ac.in/research-groups-recent-interests-faculty","a","Website Credits"
"https://pec.ac.in/research-groups-recent-interests-faculty","p","Copyright © 2020 Punjab Engineering College (Deemed to be University), Sector 12, Chandigarh, 160012"
"https://pec.ac.in/research-groups-recent-interests-faculty","li","Web Editor"
"https://pec.ac.in/research-groups-recent-interests-faculty","a","Web Editor"
"https://pec.ac.in/research-groups-recent-interests-faculty","li","Anti-Ragging"
"https://pec.ac.in/research-groups-recent-interests-faculty","a","Anti-Ragging"
"https://pec.ac.in/research-groups-recent-interests-faculty","li","Privacy Statement"
"https://pec.ac.in/research-groups-recent-interests-faculty","a","Privacy Statement"
"https://pec.ac.in/research-groups-recent-interests-faculty","li","Report Copyright Infringement"
"https://pec.ac.in/research-groups-recent-interests-faculty","a","Report Copyright Infringement"
"https://pec.ac.in/cc/faculty","a","Skip to main content"
"https://pec.ac.in/cc/faculty","li","Alumni"
"https://pec.ac.in/cc/faculty","a","Alumni"
"https://pec.ac.in/cc/faculty","li","Webmail"
"https://pec.ac.in/cc/faculty","a","Webmail"
"https://pec.ac.in/cc/faculty","li","Jobs"
"https://pec.ac.in/cc/faculty","a","Jobs"
"https://pec.ac.in/cc/faculty","li","Tenders"
"https://pec.ac.in/cc/faculty","a","Tenders"
"https://pec.ac.in/cc/faculty","li","Office Orders"
"https://pec.ac.in/cc/faculty","a","Office Orders"
"https://pec.ac.in/cc/faculty","li","NIRF"
"https://pec.ac.in/cc/faculty","a","NIRF"
"https://pec.ac.in/cc/faculty","li","RTI"
"https://pec.ac.in/cc/faculty","a","RTI"
"https://pec.ac.in/cc/faculty","li","Placements"
"https://pec.ac.in/cc/faculty","a","Placements"
"https://pec.ac.in/cc/faculty","li","Contact Us"
"https://pec.ac.in/cc/faculty","a","Contact Us"
"https://pec.ac.in/cc/faculty","li","Search"
"https://pec.ac.in/cc/faculty","li","Home"
"https://pec.ac.in/cc/faculty","a","Home"
"https://pec.ac.in/cc/faculty","li","Institute History Vision & Mission Campus Location News and Events Tenders & Quotations Balance Sheets Rules, Guidelines & Forms Faculty Affairs IQAC Reports"
"https://pec.ac.in/cc/faculty","a","Institute"
"https://pec.ac.in/cc/faculty","li","History"
"https://pec.ac.in/cc/faculty","a","History"
"https://pec.ac.in/cc/faculty","li","Vision & Mission"
"https://pec.ac.in/cc/faculty","a","Vision & Mission"
"https://pec.ac.in/cc/faculty","li","Campus"
"https://pec.ac.in/cc/faculty","a","Campus"
"https://pec.ac.in/cc/faculty","li","Location"
"https://pec.ac.in/cc/faculty","a","Location"
"https://pec.ac.in/cc/faculty","li","News and Events"
"https://pec.ac.in/cc/faculty","a","News and Events"
"https://pec.ac.in/cc/faculty","li","Tenders & Quotations"
"https://pec.ac.in/cc/faculty","a","Tenders & Quotations"
"https://pec.ac.in/cc/faculty","li","Balance Sheets"
"https://pec.ac.in/cc/faculty","a","Balance Sheets"
"https://pec.ac.in/cc/faculty","li","Rules, Guidelines & Forms"
"https://pec.ac.in/cc/faculty","a","Rules, Guidelines & Forms"
"https://pec.ac.in/cc/faculty","li","Faculty Affairs"
"https://pec.ac.in/cc/faculty","a","Faculty Affairs"
"https://pec.ac.in/cc/faculty","li","IQAC Reports"
"https://pec.ac.in/cc/faculty","a","IQAC Reports"
"https://pec.ac.in/cc/faculty","li","Administration Board Of Governors Chairman, Board of Governors Director Senate Members Building & Works Committee Finance Committee Grievance Redressal Committee Institute Functionaries Minutes of Meetings"
"https://pec.ac.in/cc/faculty","a","Administration"
"https://pec.ac.in/cc/faculty","li","Board Of Governors"
"https://pec.ac.in/cc/faculty","a","Board Of Governors"
"https://pec.ac.in/cc/faculty","li","Chairman, Board of Governors"
"https://pec.ac.in/cc/faculty","a","Chairman, Board of Governors"
"https://pec.ac.in/cc/faculty","li","Director"
"https://pec.ac.in/cc/faculty","a","Director"
"https://pec.ac.in/cc/faculty","li","Senate Members"
"https://pec.ac.in/cc/faculty","a","Senate Members"
"https://pec.ac.in/cc/faculty","li","Building & Works Committee"
"https://pec.ac.in/cc/faculty","a","Building & Works Committee"
"https://pec.ac.in/cc/faculty","li","Finance Committee"
"https://pec.ac.in/cc/faculty","a","Finance Committee"
"https://pec.ac.in/cc/faculty","li","Grievance Redressal Committee"
"https://pec.ac.in/cc/faculty","a","Grievance Redressal Committee"
"https://pec.ac.in/cc/faculty","li","Institute Functionaries"
"https://pec.ac.in/cc/faculty","a","Institute Functionaries"
"https://pec.ac.in/cc/faculty","li","Minutes of Meetings"
"https://pec.ac.in/cc/faculty","a","Minutes of Meetings"
"https://pec.ac.in/cc/faculty","li","Programmes Undergraduate Postgraduate Doctorate Academic Support for Students Accreditation Scholarships IQAC Reports E-Academic Portal"
"https://pec.ac.in/cc/faculty","a","Programmes"
"https://pec.ac.in/cc/faculty","li","Undergraduate"
"https://pec.ac.in/cc/faculty","a","Undergraduate"
"https://pec.ac.in/cc/faculty","li","Postgraduate"
"https://pec.ac.in/cc/faculty","a","Postgraduate"
"https://pec.ac.in/cc/faculty","li","Doctorate"
"https://pec.ac.in/cc/faculty","a","Doctorate"
"https://pec.ac.in/cc/faculty","li","Academic Support for Students"
"https://pec.ac.in/cc/faculty","a","Academic Support for Students"
"https://pec.ac.in/cc/faculty","li","Accreditation"
"https://pec.ac.in/cc/faculty","a","Accreditation"
"https://pec.ac.in/cc/faculty","li","Scholarships"
"https://pec.ac.in/cc/faculty","a","Scholarships"
"https://pec.ac.in/cc/faculty","li","IQAC Reports"
"https://pec.ac.in/cc/faculty","a","IQAC Reports"
"https://pec.ac.in/cc/faculty","li","E-Academic Portal"
"https://pec.ac.in/cc/faculty","a","E-Academic Portal"
"https://pec.ac.in/cc/faculty","li","Admissions"
"https://pec.ac.in/cc/faculty","a","Admissions"
"https://pec.ac.in/cc/faculty","li","Academic Units Departments Centres"
"https://pec.ac.in/cc/faculty","a","Academic Units"
"https://pec.ac.in/cc/faculty","li","Departments"
"https://pec.ac.in/cc/faculty","a","Departments"
"https://pec.ac.in/cc/faculty","li","Centres"
"https://pec.ac.in/cc/faculty","a","Centres"
"https://pec.ac.in/cc/faculty","li","Research Overview Research Groups Sponsored Research In-House Projects Consultancy Courses and Conferences Young Research Fellows Programme Norms and Forms Contacts"
"https://pec.ac.in/cc/faculty","a","Research"
"https://pec.ac.in/cc/faculty","li","Overview"
"https://pec.ac.in/cc/faculty","a","Overview"
"https://pec.ac.in/cc/faculty","li","Research Groups"
"https://pec.ac.in/cc/faculty","a","Research Groups"
"https://pec.ac.in/cc/faculty","li","Sponsored Research"
"https://pec.ac.in/cc/faculty","a","Sponsored Research"
"https://pec.ac.in/cc/faculty","li","In-House Projects"
"https://pec.ac.in/cc/faculty","a","In-House Projects"
"https://pec.ac.in/cc/faculty","li","Consultancy"
"https://pec.ac.in/cc/faculty","a","Consultancy"
"https://pec.ac.in/cc/faculty","li","Courses and Conferences"
"https://pec.ac.in/cc/faculty","a","Courses and Conferences"
"https://pec.ac.in/cc/faculty","li","Young Research Fellows Programme"
"https://pec.ac.in/cc/faculty","a","Young Research Fellows Programme"
"https://pec.ac.in/cc/faculty","li","Norms and Forms"
"https://pec.ac.in/cc/faculty","a","Norms and Forms"
"https://pec.ac.in/cc/faculty","li","Contacts"
"https://pec.ac.in/cc/faculty","a","Contacts"
"https://pec.ac.in/cc/faculty","li","Campus Life Students Facilities Online Fee Payment"
"https://pec.ac.in/cc/faculty","a","Campus Life"
"https://pec.ac.in/cc/faculty","li","Students"
"https://pec.ac.in/cc/faculty","a","Students"
"https://pec.ac.in/cc/faculty","li","Facilities"
"https://pec.ac.in/cc/faculty","a","Facilities"
"https://pec.ac.in/cc/faculty","li","Online Fee Payment"
"https://pec.ac.in/cc/faculty","a","Online Fee Payment"
"https://pec.ac.in/cc/faculty","a","-A"
"https://pec.ac.in/cc/faculty","a","A"
"https://pec.ac.in/cc/faculty","a","+A"
"https://pec.ac.in/cc/faculty","h3","Computer Centre"
"https://pec.ac.in/cc/faculty","li","About Computer Centre"
"https://pec.ac.in/cc/faculty","a","About Computer Centre"
"https://pec.ac.in/cc/faculty","li","Computer Centre: At a Glance"
"https://pec.ac.in/cc/faculty","a","Computer Centre: At a Glance"
"https://pec.ac.in/cc/faculty","li","Campus Network"
"https://pec.ac.in/cc/faculty","a","Campus Network"
"https://pec.ac.in/cc/faculty","li","Data Centre"
"https://pec.ac.in/cc/faculty","a","Data Centre"
"https://pec.ac.in/cc/faculty","li","Centralized Softwares"
"https://pec.ac.in/cc/faculty","a","Centralized Softwares"
"https://pec.ac.in/cc/faculty","li","Open Source Software"
"https://pec.ac.in/cc/faculty","a","Open Source Software"
"https://pec.ac.in/cc/faculty","li","In-House Web-Application Development"
"https://pec.ac.in/cc/faculty","a","In-House Web-Application Development"
"https://pec.ac.in/cc/faculty","li","Services"
"https://pec.ac.in/cc/faculty","a","Services"
"https://pec.ac.in/cc/faculty","li","Faculty"
"https://pec.ac.in/cc/faculty","a","Faculty"
"https://pec.ac.in/cc/faculty","li","Network Usage Policy"
"https://pec.ac.in/cc/faculty","a","Network Usage Policy"
"https://pec.ac.in/cc/faculty","li","Training/Workshops Organized"
"https://pec.ac.in/cc/faculty","a","Training/Workshops Organized"
"https://pec.ac.in/cc/faculty","li","Web Help"
"https://pec.ac.in/cc/faculty","a","Web Help"
"https://pec.ac.in/cc/faculty","li","Webmaster"
"https://pec.ac.in/cc/faculty","a","Webmaster"
"https://pec.ac.in/cc/faculty","li","Location"
"https://pec.ac.in/cc/faculty","a","Location"
"https://pec.ac.in/cc/faculty","p","Quick Links"
"https://pec.ac.in/cc/faculty","a","Quick Links"
"https://pec.ac.in/cc/faculty","li","Alumni"
"https://pec.ac.in/cc/faculty","a","Alumni"
"https://pec.ac.in/cc/faculty","li","Central Library"
"https://pec.ac.in/cc/faculty","a","Central Library"
"https://pec.ac.in/cc/faculty","li","TEQIP III"
"https://pec.ac.in/cc/faculty","a","TEQIP III"
"https://pec.ac.in/cc/faculty","li","Admissions"
"https://pec.ac.in/cc/faculty","a","Admissions"
"https://pec.ac.in/cc/faculty","li","Placement"
"https://pec.ac.in/cc/faculty","a","Placement"
"https://pec.ac.in/cc/faculty","li","Tenders"
"https://pec.ac.in/cc/faculty","a","Tenders"
"https://pec.ac.in/cc/faculty","a","Close modal"
"https://pec.ac.in/cc/faculty","a","Dr. Sanjay Kumar Batish"
"https://pec.ac.in/cc/faculty","a","sbatish@pec.ac.in"
"https://pec.ac.in/cc/faculty","a","Sushil Kumar"
"https://pec.ac.in/cc/faculty","a","kumars@pec.ac.in"
"https://pec.ac.in/cc/faculty","a","Prabhsimran Singh Bindra"
"https://pec.ac.in/cc/faculty","a","prabhsimran.bindra@pec.ac.in"
"https://pec.ac.in/cc/faculty","h3","Research"
"https://pec.ac.in/cc/faculty","li","Overview"
"https://pec.ac.in/cc/faculty","a","Overview"
"https://pec.ac.in/cc/faculty","li","Research Groups"
"https://pec.ac.in/cc/faculty","a","Research Groups"
"https://pec.ac.in/cc/faculty","li","Sponsored Research"
"https://pec.ac.in/cc/faculty","a","Sponsored Research"
"https://pec.ac.in/cc/faculty","li","Consultancy"
"https://pec.ac.in/cc/faculty","a","Consultancy"
"https://pec.ac.in/cc/faculty","li","Collaborations"
"https://pec.ac.in/cc/faculty","a","Collaborations"
"https://pec.ac.in/cc/faculty","li","In-House Projects"
"https://pec.ac.in/cc/faculty","a","In-House Projects"
"https://pec.ac.in/cc/faculty","h3","Academics"
"https://pec.ac.in/cc/faculty","li","Time Tables"
"https://pec.ac.in/cc/faculty","a","Time Tables"
"https://pec.ac.in/cc/faculty","li","Examination"
"https://pec.ac.in/cc/faculty","a","Examination"
"https://pec.ac.in/cc/faculty","li","Academic Calendar"
"https://pec.ac.in/cc/faculty","a","Academic Calendar"
"https://pec.ac.in/cc/faculty","li","Undergraduate Programme"
"https://pec.ac.in/cc/faculty","a","Undergraduate Programme"
"https://pec.ac.in/cc/faculty","li","Postgraduate Programme"
"https://pec.ac.in/cc/faculty","a","Postgraduate Programme"
"https://pec.ac.in/cc/faculty","li","PhD Programme"
"https://pec.ac.in/cc/faculty","a","PhD Programme"
"https://pec.ac.in/cc/faculty","h3","Facilities"
"https://pec.ac.in/cc/faculty","li","Library"
"https://pec.ac.in/cc/faculty","a","Library"
"https://pec.ac.in/cc/faculty","li","Computer Centre"
"https://pec.ac.in/cc/faculty","a","Computer Centre"
"https://pec.ac.in/cc/faculty","li","Sports"
"https://pec.ac.in/cc/faculty","a","Sports"
"https://pec.ac.in/cc/faculty","li","Hostels"
"https://pec.ac.in/cc/faculty","a","Hostels"
"https://pec.ac.in/cc/faculty","li","Medical Facility"
"https://pec.ac.in/cc/faculty","a","Medical Facility"
"https://pec.ac.in/cc/faculty","li","Workshops"
"https://pec.ac.in/cc/faculty","a","Workshops"
"https://pec.ac.in/cc/faculty","h3","Information"
"https://pec.ac.in/cc/faculty","li","E-Notices"
"https://pec.ac.in/cc/faculty","a","E-Notices"
"https://pec.ac.in/cc/faculty","li","Multimedia"
"https://pec.ac.in/cc/faculty","a","Multimedia"
"https://pec.ac.in/cc/faculty","li","Brochure & Prospectus"
"https://pec.ac.in/cc/faculty","a","Brochure & Prospectus"
"https://pec.ac.in/cc/faculty","li","CRIKC"
"https://pec.ac.in/cc/faculty","a","CRIKC"
"https://pec.ac.in/cc/faculty","li","Sexual Harassment Complaints"
"https://pec.ac.in/cc/faculty","a","Sexual Harassment Complaints"
"https://pec.ac.in/cc/faculty","li","Website Credits"
"https://pec.ac.in/cc/faculty","a","Website Credits"
"https://pec.ac.in/cc/faculty","p","Copyright © 2020 Punjab Engineering College (Deemed to be University), Sector 12, Chandigarh, 160012"
"https://pec.ac.in/cc/faculty","li","Web Editor"
"https://pec.ac.in/cc/faculty","a","Web Editor"
"https://pec.ac.in/cc/faculty","li","Anti-Ragging"
"https://pec.ac.in/cc/faculty","a","Anti-Ragging"
"https://pec.ac.in/cc/faculty","li","Privacy Statement"
"https://pec.ac.in/cc/faculty","a","Privacy Statement"
"https://pec.ac.in/cc/faculty","li","Report Copyright Infringement"
"https://pec.ac.in/cc/faculty","a","Report Copyright Infringement"
